Date,Temperature,Vibration,CurrentUsage,Breakdown,BreakdownWithin12Hrs
2024-01-01 00:00:00,87.64052345967664,0.5555962679709798,42.33539473284936,0,
2024-01-01 01:00:00,74.00157208367223,0.5892473887331531,41.440149179528895,0,
2024-01-01 02:00:00,79.78737984105739,0.45776851758747295,50.23067529477842,1,
2024-01-01 03:00:00,92.40893199201457,0.5104714029433284,45.20812759886719,0,
2024-01-01 04:00:00,88.67557990149967,0.5228053325124067,49.595941935281296,0,
2024-01-01 05:00:00,60.22722120123589,0.5201479946704433,46.48070482004777,0,
2024-01-01 06:00:00,79.50088417525589,0.554077358530039,46.146078496467176,0,
2024-01-01 07:00:00,68.48642791702302,0.318192236961643,47.595773295636356,0,
2024-01-01 08:00:00,68.96781148206442,0.4950675929852427,53.51792777321694,0,
2024-01-01 09:00:00,74.10598501938372,0.5239033601246765,54.64572573884345,0,
2024-01-01 10:00:00,71.44043571160879,0.3999669651046295,51.8558627632452,0,
2024-01-01 11:00:00,84.54273506962976,0.667398570701071,45.0508872522644,0,1.0
2024-01-01 12:00:00,77.61037725146994,0.5161559267238168,53.218156377266695,0,1.0
2024-01-01 13:00:00,71.21675016492829,0.6563404745028929,53.44448333303966,0,1.0
2024-01-01 14:00:00,74.43863232745426,0.4209476978166923,51.37323601806222,0,0.0
2024-01-01 15:00:00,73.33674327374267,0.40926998784746726,46.981897819904546,0,0.0
2024-01-01 16:00:00,84.94079073157606,0.5224252220965682,53.5442978768357,0,0.0
2024-01-01 17:00:00,67.94841736234198,0.33213116371713436,52.114092873383306,0,0.0
2024-01-01 18:00:00,73.13067701650901,0.5214965590626094,34.415717042004374,0,0.0
2024-01-01 19:00:00,61.45904260698275,0.5097219232002919,53.22226016705521,0,0.0
2024-01-01 20:00:00,44.470101841659215,0.6015665281542102,40.43128664569247,0,0.0
2024-01-01 21:00:00,76.5361859544036,0.5701041341165097,53.317807882956906,0,0.0
2024-01-01 22:00:00,78.64436198859505,0.45825226501149663,49.22963800787582,0,0.0
2024-01-01 23:00:00,62.57834979593558,0.39025033452297553,55.96805840374599,1,1.0
2024-01-02 00:00:00,92.69754623987608,0.6712305221343297,49.509193943970345,0,1.0
2024-01-02 01:00:00,55.45634325401235,0.420788497943485,45.56692869971944,0,1.0
2024-01-02 02:00:00,70.45758517301446,0.3954475442930534,49.263231677085784,0,1.0
2024-01-02 03:00:00,68.12816149974167,0.39151439405385546,55.29903147466887,0,1.0
2024-01-02 04:00:00,85.32779214358457,0.6117305315536665,50.13123308930793,0,1.0
2024-01-02 05:00:00,84.69358769900285,0.4481099795575148,49.428324200638116,0,1.0
2024-01-02 06:00:00,71.54947425696916,0.4246295533819399,53.717767577541686,0,1.0
2024-01-02 07:00:00,73.78162519602174,0.5137689825903348,51.05179683314906,0,1.0
2024-01-02 08:00:00,61.12214252369887,0.4793055289442709,49.97036297083384,0,1.0
2024-01-02 09:00:00,50.19203531776073,0.4321904539213753,56.830300342016656,0,1.0
2024-01-02 10:00:00,66.52087850673847,0.575399146697848,57.77557016029534,0,1.0
2024-01-02 11:00:00,71.5634896910398,0.6065315492097995,53.066631131643504,0,0.0
2024-01-02 12:00:00,82.30290680727721,0.5985317508939867,48.570204242574135,0,0.0
2024-01-02 13:00:00,82.02379848784412,0.5766919669661199,57.48455496760413,0,0.0
2024-01-02 14:00:00,66.12673182592047,0.5402625531130035,55.91559778665854,0,0.0
2024-01-02 15:00:00,66.97697249424664,0.32241120000381707,53.594485827641456,0,0.0
2024-01-02 16:00:00,59.51447034932907,0.6669250806376968,43.9196170962707,0,0.0
2024-01-02 17:00:00,55.79982062821025,0.5301989210357553,50.703359516539805,0,0.0
2024-01-02 18:00:00,52.937298093749874,0.5608156427600641,46.281639126495634,0,0.0
2024-01-02 19:00:00,89.5077539523179,0.6114962322947403,49.2049387422282,0,0.0
2024-01-02 20:00:00,64.90347818248347,0.6433352502881992,51.200284646483595,0,0.0
2024-01-02 21:00:00,65.61925698388814,0.5418398011309192,50.500797040453115,0,0.0
2024-01-02 22:00:00,57.47204639950074,0.5435546159295653,47.62412447085376,0,0.0
2024-01-02 23:00:00,77.7749035583191,0.44007757225402805,56.36476874459955,0,0.0
2024-01-03 00:00:00,53.86102152442049,0.5033089751138761,41.519343665842285,0,0.0
2024-01-03 01:00:00,67.87259719786032,0.41458387391856455,53.65091765564807,0,0.0
2024-01-03 02:00:00,61.045334388063246,0.4280059467858105,40.71258364202731,0,0.0
2024-01-03 03:00:00,73.86902497859262,0.4106425597685809,51.912990683617316,0,0.0
2024-01-03 04:00:00,64.89194862431127,0.4843976109002713,45.56547836858062,0,0.0
2024-01-03 05:00:00,58.19367815877588,0.604909318792001,54.39151878866265,0,0.0
2024-01-03 06:00:00,69.71817771661345,0.817097477329018,50.43226262003797,0,0.0
2024-01-03 07:00:00,74.28331870530418,0.5189499637547913,51.23853189233412,0,0.0
2024-01-03 08:00:00,70.66517222383168,0.365158691224388,44.90860337216574,0,0.0
2024-01-03 09:00:00,73.02471897739781,0.6264983329856256,46.72714932501208,0,0.0
2024-01-03 10:00:00,63.65677906319036,0.46992161235239727,51.036086967054764,0,0.0
2024-01-03 11:00:00,66.37258834012862,0.43393914060230077,52.91784963454652,0,0.0
2024-01-03 12:00:00,63.27539552224049,0.5209849477923055,64.6454812088193,0,0.0
2024-01-03 13:00:00,66.4044683845946,0.37593754004437724,51.11429161551743,0,0.0
2024-01-03 14:00:00,61.86853717955546,0.5222463164008607,54.88018762684463,0,0.0
2024-01-03 15:00:00,52.73717397668323,0.4911624476800845,42.21533033745369,0,0.0
2024-01-03 16:00:00,71.77426142253753,0.5098377906815476,43.350540693329684,0,0.0
2024-01-03 17:00:00,65.98219063791738,0.538141625420917,48.22252612695774,0,0.0
2024-01-03 18:00:00,53.69801653033956,0.5067492257240807,44.01286152180717,0,0.0
2024-01-03 19:00:00,74.62782255525774,0.5016338084112892,57.431996267331925,0,0.0
2024-01-03 20:00:00,60.92701635616758,0.5284314518997945,47.948906536098356,0,0.0
2024-01-03 21:00:00,70.51945395796139,0.5415400626171127,56.91090944196569,0,0.0
2024-01-03 22:00:00,77.29090562177537,0.3968517539684742,57.43391237042815,0,0.0
2024-01-03 23:00:00,71.2898291075741,0.35700087413145515,50.21389859941783,0,0.0
2024-01-04 00:00:00,81.39400684543301,0.4938361947827785,52.50899876903819,0,0.0
2024-01-04 01:00:00,57.651741796463476,0.3567264510065892,49.719502633295484,0,0.0
2024-01-04 02:00:00,74.02341641177549,0.5087531470921671,52.69218500177269,0,0.0
2024-01-04 03:00:00,63.15189909059687,0.593874687568231,52.416709258902856,0,0.0
2024-01-04 04:00:00,61.29202850818118,0.5607111671916046,49.381751870539844,0,0.0
2024-01-04 05:00:00,64.21150335235585,0.3951829593174527,52.5248499073142,0,0.0
2024-01-04 06:00:00,66.88447467872628,0.41397375480424814,58.61848137833631,0,0.0
2024-01-04 07:00:00,70.56165342229745,0.5328301295000756,53.56508114855469,0,0.0
2024-01-04 08:00:00,58.348501592166436,0.45987021948664897,51.62899806820313,0,0.0
2024-01-04 09:00:00,79.00826486954188,0.4683344704947893,50.62384760521606,0,0.0
2024-01-04 10:00:00,74.6566243973046,0.5596906481247954,44.93663438115704,0,0.0
2024-01-04 11:00:00,54.63756313722776,0.40127133065423476,44.863515614622685,0,0.0
2024-01-04 12:00:00,84.882521937956,0.45987652900888176,51.616782657401295,0,0.0
2024-01-04 13:00:00,88.95889176030583,0.41999175239153985,43.15304437976421,0,0.0
2024-01-04 14:00:00,81.7877957115965,0.39568705019646444,46.16836200518208,0,0.0
2024-01-04 15:00:00,68.2007516418765,0.4142921811328835,56.40755670182067,0,0.0
2024-01-04 16:00:00,59.292473784894575,0.5677462169346412,59.57114848531407,0,0.0
2024-01-04 17:00:00,80.54451726931137,0.5051820389482422,41.67021961601141,0,0.0
2024-01-04 18:00:00,65.9682305302682,0.4120839371164925,58.133247811507914,0,0.0
2024-01-04 19:00:00,82.22445070382427,0.47688983924070033,48.942808545772216,0,0.0
2024-01-04 20:00:00,72.08274978076861,0.33611926928778224,49.924974564843176,0,0.0
2024-01-04 21:00:00,79.76639036483712,0.4266687192416334,49.43294184678633,0,0.0
2024-01-04 22:00:00,73.56366397174402,0.7149574534867287,55.40272063512744,0,0.0
2024-01-04 23:00:00,77.06573168191949,0.49097561503342496,41.96161710478411,0,0.0
2024-01-05 00:00:00,70.1050002072082,0.5731658927030392,52.280818056775665,0,0.0
2024-01-05 01:00:00,87.85870493905836,0.4934511624855517,45.27564901305995,0,0.0
2024-01-05 02:00:00,71.2691209270362,0.5348169235241809,52.85394264690787,0,0.0
2024-01-05 03:00:00,74.01989363444702,0.5663258089679174,57.71398169146526,0,0.0
2024-01-05 04:00:00,88.83150697056254,0.3895383402473529,49.997913367936896,0,0.0
2024-01-05 05:00:00,56.52240938857554,0.4969063742726041,51.870775429854014,0,0.0
2024-01-05 06:00:00,57.29515001514267,0.6578865194416488,52.04775889118846,0,0.0
2024-01-05 07:00:00,79.69396708158011,0.4204499449946709,46.00203250164755,0,0.0
2024-01-05 08:00:00,58.2687659488584,0.4433560146267781,57.55819674942159,1,1.0
2024-01-05 09:00:00,89.43621185649292,0.46923087226329985,58.532341236304944,0,1.0
2024-01-05 10:00:00,65.86381019240252,0.5269024073176247,53.508916860585146,0,1.0
2024-01-05 11:00:00,62.525451885592425,0.5524917863645883,50.36642716003823,0,1.0
2024-01-05 12:00:00,89.22942026480385,0.6267411654818656,47.69053092322858,0,1.0
2024-01-05 13:00:00,84.80514791434425,0.5499498233468659,46.86754888425456,0,1.0
2024-01-05 14:00:00,88.6755896042657,0.4937946874201666,58.55418291273328,0,1.0
2024-01-05 15:00:00,79.06044658275385,0.6259167129610814,57.07207521364512,0,1.0
2024-01-05 16:00:00,61.38774314945297,0.5704111022141582,49.681692556052255,0,1.0
2024-01-05 17:00:00,89.10064953099034,0.35043204837429837,42.10034735164438,0,1.0
2024-01-05 18:00:00,67.31996629048619,0.7526368240355998,35.83994065045506,0,1.0
2024-01-05 19:00:00,78.02456395796395,0.6769921388196734,44.5828666986786,0,1.0
2024-01-05 20:00:00,79.47251967773748,0.4831785777232926,49.346898020024405,0,0.0
2024-01-05 21:00:00,68.44989906909166,0.5377910101738475,57.00344517221501,0,0.0
2024-01-05 22:00:00,76.1407937034608,0.632435874999584,46.7417189547111,0,0.0
2024-01-05 23:00:00,79.22206671566526,0.48277992073031173,52.52407728170251,0,0.0
2024-01-06 00:00:00,73.7642553115563,0.573035179037702,56.51590480824216,0,0.0
2024-01-06 01:00:00,59.00599209415805,0.6104578473571477,50.64268158428024,0,0.0
2024-01-06 02:00:00,72.98238174206055,0.3985174092265559,49.287760656055795,0,0.0
2024-01-06 03:00:00,83.2638589668703,0.4397668146417138,43.45618242880696,0,0.0
2024-01-06 04:00:00,63.05432140268635,0.5921408397810581,43.987623458977836,1,1.0
2024-01-06 05:00:00,68.5036545967233,0.5460814477148831,52.08049817207912,0,1.0
2024-01-06 06:00:00,65.64846448278362,0.5923796560313948,48.99546233399536,0,1.0
2024-01-06 07:00:00,88.49263728479342,0.4867431985346282,50.61265658826651,0,1.0
2024-01-06 08:00:00,76.72294757012435,0.4710994789045767,49.76361142151877,0,1.0
2024-01-06 09:00:00,74.0746183624111,0.30013605244166275,53.32072024679325,0,1.0
2024-01-06 10:00:00,62.30083925554683,0.3853999573492557,46.076562942852775,0,1.0
2024-01-06 11:00:00,75.39249191291817,0.5047066094658493,48.32209678208417,0,1.0
2024-01-06 12:00:00,63.25667339342624,0.5824557219564237,59.48091114316572,0,1.0
2024-01-06 13:00:00,70.3183055827435,0.5531178366535695,46.001069308071145,1,1.0
2024-01-06 14:00:00,63.64153921621119,0.4871758025972298,48.59212284599949,0,1.0
2024-01-06 15:00:00,76.764332949465,0.47282284335093033,47.053066490107156,1,1.0
2024-01-06 16:00:00,75.76590816614942,0.521717963263828,52.22390681203625,0,1.0
2024-01-06 17:00:00,67.91701244422005,0.5078211181092153,55.11196161221035,0,1.0
2024-01-06 18:00:00,73.96006712661645,0.6404545514939712,47.50894190706945,0,1.0
2024-01-06 19:00:00,59.06938491269494,0.514644077047825,47.84292829447657,1,1.0
2024-01-06 20:00:00,55.087424072943946,0.35187540378027016,48.605091973484846,0,1.0
2024-01-06 21:00:00,74.39391701264537,0.3727441864967683,52.64916891737479,0,1.0
2024-01-06 22:00:00,71.6667349537253,0.651875933696358,46.303023487449025,0,1.0
2024-01-06 23:00:00,76.35031436892106,0.38288395385499197,48.120200170143704,0,1.0
2024-01-07 00:00:00,93.83144774863942,0.5764497453033534,38.139030642434925,0,1.0
2024-01-07 01:00:00,79.44479486990414,0.4731627264790619,43.091274952525076,0,1.0
2024-01-07 02:00:00,60.87177774555842,0.48302417060975145,49.437781219903556,0,1.0
2024-01-07 03:00:00,81.17016288095853,0.486586721723158,54.4893208660156,0,1.0
2024-01-07 04:00:00,56.84092589488479,0.6221384959459199,51.475378916509314,0,1.0
2024-01-07 05:00:00,65.38415395185291,0.4807158171456035,44.5061577166635,0,1.0
2024-01-07 06:00:00,69.31758394675369,0.4966680717154847,42.99871895936029,0,1.0
2024-01-07 07:00:00,87.13342721649366,0.3469196502600507,50.87340046449084,0,0.0
2024-01-07 08:00:00,62.5524517795156,0.5206690511708003,41.735981788735785,0,0.0
2024-01-07 09:00:00,61.73561461340986,0.553104250697806,55.329634093584446,0,0.0
2024-01-07 10:00:00,69.01547475574567,0.5239145580653787,50.31948095825089,0,0.0
2024-01-07 11:00:00,63.365217136378924,0.6397896261086735,41.96339920382971,0,0.0
2024-01-07 12:00:00,81.26635922106507,0.5055171354780231,45.17023070579065,0,0.0
2024-01-07 13:00:00,59.200684916365766,0.5298977456119017,46.378443403844386,0,0.0
2024-01-07 14:00:00,58.52531347588898,0.6648504010268179,46.13403744888281,0,0.0
2024-01-07 15:00:00,65.62179955255566,0.34499858106418524,42.550334958892535,0,0.0
2024-01-07 16:00:00,65.01967549307695,0.4544174652200631,45.62668739005577,0,0.0
2024-01-07 17:00:00,89.29532053816986,0.6426158752019266,46.57799221929787,0,0.0
2024-01-07 18:00:00,79.49420806925761,0.5936129148311082,46.443571221947806,1,1.0
2024-01-07 19:00:00,70.87551241385191,0.567838009884047,55.639783124666906,0,1.0
2024-01-07 20:00:00,57.74564481169832,0.5832650739464478,50.524139014136075,0,1.0
2024-01-07 21:00:00,78.44362976401547,0.5327066209121022,45.03371391281224,0,1.0
2024-01-07 22:00:00,59.997846526104354,0.6631597427532272,48.32689197022939,0,1.0
2024-01-07 23:00:00,54.55228903222388,0.5377759169730718,45.60221451344308,0,1.0
2024-01-08 00:00:00,81.88029792352302,0.5239867105895278,48.499966704941215,0,1.0
2024-01-08 01:00:00,73.1694261192485,0.5158958674125643,54.37754576570691,0,1.0
2024-01-08 02:00:00,79.20858823780819,0.5192863955550386,51.26135390306062,0,1.0
2024-01-08 03:00:00,73.1872765294302,0.3842982719184132,61.42800590764033,0,1.0
2024-01-08 04:00:00,78.56830611902691,0.5770673054463343,51.8796371288374,0,1.0
2024-01-08 05:00:00,63.48974406699853,0.48695602662166726,45.43202745011446,1,1.0
2024-01-08 06:00:00,59.657571582155356,0.6821915097860406,54.048703654072234,0,1.0
2024-01-08 07:00:00,76.81594518281626,0.4924349529411577,55.39965608571268,0,1.0
2024-01-08 08:00:00,61.965903358261585,0.5420918284175656,55.47083495721972,1,1.0
2024-01-08 09:00:00,63.10450222249799,0.5246602186261334,44.52879523482454,0,1.0
2024-01-08 10:00:00,65.44467496482658,0.4374442964890747,49.261812927425815,0,1.0
2024-01-08 11:00:00,70.17479159025056,0.5992136828518506,55.659059784142265,0,1.0
2024-01-08 12:00:00,66.46006088746516,0.6905063640560017,41.57635520563029,0,1.0
2024-01-08 13:00:00,56.25048706581981,0.4985222780340155,47.502916194889806,0,1.0
2024-01-08 14:00:00,63.5638159716711,0.46995212144145776,42.86531157286504,0,1.0
2024-01-08 15:00:00,47.765968477755735,0.4644971268944626,45.337148850514936,0,1.0
2024-01-08 16:00:00,76.25231451027187,0.31076381066826586,44.93771423628097,0,1.0
2024-01-08 17:00:00,53.979423443932525,0.4822186856296987,56.252849162717176,1,1.0
2024-01-08 18:00:00,58.956166605715495,0.5250998116008324,48.82730982545625,0,1.0
2024-01-08 19:00:00,70.52165079260975,0.6054757925180283,45.683222093291086,0,1.0
2024-01-08 20:00:00,62.60437003608687,0.5960047741149928,44.82197134307753,0,1.0
2024-01-08 21:00:00,85.43014595406736,0.45835009175633074,50.708335824357654,0,1.0
2024-01-08 22:00:00,57.07143090276551,0.4723177005226112,49.944321863296665,1,1.0
2024-01-08 23:00:00,72.67050869349183,0.6123905305614439,56.720371873367135,0,1.0
2024-01-09 00:00:00,69.60717181772505,0.4826536102927121,52.500083479286516,0,1.0
2024-01-09 01:00:00,58.31906502258803,0.4489970460244383,42.84101110967481,0,1.0
2024-01-09 02:00:00,75.23276660531754,0.6392518449434272,46.85509646204366,0,1.0
2024-01-09 03:00:00,68.28453668777752,0.6037585667050634,55.35036256035489,0,1.0
2024-01-09 04:00:00,77.71790551213667,0.5018791791774257,46.89458651149312,0,1.0
2024-01-09 05:00:00,78.23504153963731,0.4406222552221333,58.67286087461854,0,1.0
2024-01-09 06:00:00,91.6323594928069,0.2988119680755291,44.508552843376265,0,1.0
2024-01-09 07:00:00,83.36527949436392,0.5589703605574724,52.86306676520395,0,1.0
2024-01-09 08:00:00,66.30818162057557,0.41036302774478195,45.693922233006795,0,1.0
2024-01-09 09:00:00,67.60620822424073,0.3037267990859248,47.45202433526821,0,1.0
2024-01-09 10:00:00,80.99659595887113,0.6584820527349018,55.49290824115573,0,0.0
2024-01-09 11:00:00,76.55263730722598,0.5647967791009888,49.36466418580741,0,0.0
2024-01-09 12:00:00,76.40131526097592,0.38609918068830346,54.06726122557053,0,0.0
2024-01-09 13:00:00,53.830439556891655,0.3785598617040741,52.366452974573996,0,0.0
2024-01-09 14:00:00,69.75673875601065,0.587096178217162,53.7693284178115,0,0.0
2024-01-09 15:00:00,62.61969090794311,0.412202938346413,45.559058944572435,0,0.0
2024-01-09 16:00:00,72.79924599043238,0.6296149867527884,48.892128008979995,0,0.0
2024-01-09 17:00:00,69.01849610357041,0.5616459312626155,52.12126309050435,0,0.0
2024-01-09 18:00:00,79.10178908092593,0.5536596520566823,45.754635636531695,0,0.0
2024-01-09 19:00:00,73.17218215191302,0.54046954556143,58.147500216161646,1,1.0
2024-01-09 20:00:00,77.86327962108976,0.5191450872023912,46.11385978922433,0,1.0
2024-01-09 21:00:00,65.33580903264057,0.5880511199177111,48.49998211531103,0,1.0
2024-01-09 22:00:00,60.555537440817496,0.45459196374843946,44.967204676028814,0,1.0
2024-01-09 23:00:00,65.89950306797452,0.5085951973434385,39.28345967380656,0,1.0
2024-01-10 00:00:00,69.82979586138559,0.5751946587677196,58.984592612874636,0,1.0
2024-01-10 01:00:00,73.79151735555082,0.5562989718586128,48.97830531548476,0,1.0
2024-01-10 02:00:00,92.59308950690851,0.380501319473134,47.760425807922296,0,1.0
2024-01-10 03:00:00,69.57742848339358,0.4499590332695736,49.006424691646004,0,1.0
2024-01-10 04:00:00,60.44054999507223,0.5252803505419155,57.09931986098218,0,1.0
2024-01-10 05:00:00,66.54018224300614,0.45919852909601033,45.174466959677915,0,1.0
2024-01-10 06:00:00,65.36404025353906,0.6774658560973333,53.39783932882541,0,1.0
2024-01-10 07:00:00,74.81481473773462,0.4606846805245887,47.88105875725262,1,1.0
2024-01-10 08:00:00,54.592029855553754,0.4837781552423309,47.01664572230845,0,1.0
2024-01-10 09:00:00,70.63261994200332,0.5769430178177304,52.83529106260091,0,1.0
2024-01-10 10:00:00,71.56506537965376,0.5330532743234916,54.94120286871348,0,1.0
2024-01-10 11:00:00,72.32181036200276,0.48547255427952307,47.43048524860042,0,1.0
2024-01-10 12:00:00,64.02683931034638,0.42435064711192516,46.15575420162595,0,1.0
2024-01-10 13:00:00,67.62078270263993,0.5301514057396766,44.15452126338987,0,1.0
2024-01-10 14:00:00,55.75939091017469,0.6039096440378393,55.51751883364188,0,1.0
2024-01-10 15:00:00,65.06680116637806,0.5479095224098228,47.12372002596941,1,1.0
2024-01-10 16:00:00,64.57138523983282,0.4221816478543878,40.754346363622744,0,1.0
2024-01-10 17:00:00,74.16050046261425,0.6736774956976711,57.04976069198073,1,1.0
2024-01-10 18:00:00,58.438175681780876,0.35534221099641056,43.15070249023529,0,1.0
2024-01-10 19:00:00,77.81198101709994,0.3417314358197211,53.89730265629531,0,1.0
2024-01-10 20:00:00,84.94484544491368,0.5960557224457228,50.917143233337626,0,1.0
2024-01-10 21:00:00,49.30014974986467,0.522584047860269,51.43957716107639,0,1.0
2024-01-10 22:00:00,74.262587307781,0.445050145369596,47.07812362344339,0,1.0
2024-01-10 23:00:00,76.76908035030246,0.39014292724446703,51.82795730112318,0,1.0
2024-01-11 00:00:00,63.625629744477706,0.7320799839280299,41.66110053557881,0,1.0
2024-01-11 01:00:00,66.02728185671202,0.5117090872155442,52.94018874369907,0,1.0
2024-01-11 02:00:00,68.67119422413045,0.5534201170845772,57.7850502076608,0,1.0
2024-01-11 03:00:00,67.02209120598272,0.5317885097238182,54.42013598713163,0,1.0
2024-01-11 04:00:00,66.90987030952878,0.5434807957731158,39.902299573066394,0,1.0
2024-01-11 05:00:00,53.23996193670023,0.5540094460524806,45.07895498863576,0,0.0
2024-01-11 06:00:00,81.5233156478312,0.5732424009754876,49.06102539012596,0,0.0
2024-01-11 07:00:00,80.79618592036822,0.4624777599239327,52.434686524699664,0,0.0
2024-01-11 08:00:00,61.86635740795797,0.47083580136481556,49.46673663169887,0,0.0
2024-01-11 09:00:00,55.33575672197486,0.3258977191641098,47.53392806444751,0,0.0
2024-01-11 10:00:00,75.21064876452759,0.42196955934984604,52.97650153846146,0,0.0
2024-01-11 11:00:00,64.24212030186933,0.5271112796446715,55.820758831124834,1,1.0
2024-01-11 12:00:00,71.4195316332078,0.604502337550269,48.838529964067014,0,1.0
2024-01-11 13:00:00,66.80671582854904,0.5599039526376184,53.64464933692619,0,1.0
2024-01-11 14:00:00,76.91538751070186,0.465930765612207,37.10474627405263,0,1.0
2024-01-11 15:00:00,76.94749143656006,0.3736827087914846,45.31245306945635,0,1.0
2024-01-11 16:00:00,62.74402621536416,0.22226408545725668,48.393705314709955,0,1.0
2024-01-11 17:00:00,56.166360446049445,0.61517339747808,47.55716889622687,0,1.0
2024-01-11 18:00:00,54.170616026649185,0.44107710134898503,51.663991087022275,0,1.0
2024-01-11 19:00:00,76.10379379107205,0.45515349937959404,55.0687527374913,0,1.0
2024-01-11 20:00:00,58.111407422159715,0.5131573967908069,52.53334513014194,0,1.0
2024-01-11 21:00:00,64.93183645701312,0.359443995260811,46.88887264122472,0,1.0
2024-01-11 22:00:00,64.03685961549492,0.4650217819888463,42.38615954747907,0,1.0
2024-01-11 23:00:00,69.47432703730453,0.7023471949769974,52.784820602894435,0,0.0
2024-01-12 00:00:00,50.637201941534926,0.5505386938577342,40.80911630164994,0,0.0
2024-01-12 01:00:00,71.88778596793829,0.5359249156513456,53.26518641703214,0,0.0
2024-01-12 02:00:00,75.23891023834206,0.34175055220182415,49.057754589349656,0,0.0
2024-01-12 03:00:00,70.88422087044661,0.7243601894582641,44.12082506030885,0,0.0
2024-01-12 04:00:00,66.89113828301528,0.35772050913736575,51.43628656233396,0,0.0
2024-01-12 05:00:00,70.97400166268784,0.6922324755444399,49.985619486705,0,0.0
2024-01-12 06:00:00,73.9904634564013,0.28849439848121927,49.817013535418766,0,0.0
2024-01-12 07:00:00,42.2740724357335,0.6405365438724421,49.57888351736303,0,0.0
2024-01-12 08:00:00,89.55912308250694,0.6618054269000225,52.097620542130706,0,0.0
2024-01-12 09:00:00,73.90093322687926,0.4175590878672165,54.62217010979255,0,0.0
2024-01-12 10:00:00,63.4759141761298,0.5422580372272883,52.48307599241926,0,0.0
2024-01-12 11:00:00,66.09046624812399,0.5547480572104665,55.060665949111545,0,0.0
2024-01-12 12:00:00,74.93741777349189,0.4186205516768694,49.77930140576097,0,0.0
2024-01-12 13:00:00,68.83896060965634,0.3550882389263069,58.092296621159875,1,1.0
2024-01-12 14:00:00,49.693155322185056,0.3682282656859235,52.855549110649115,0,1.0
2024-01-12 15:00:00,90.6449286135932,0.5541008219959808,47.281529851586114,0,1.0
2024-01-12 16:00:00,68.89459342767528,0.49148843974805945,44.530524716327974,0,1.0
2024-01-12 17:00:00,80.201727117158,0.44356989666978397,51.0289840186704,0,1.0
2024-01-12 18:00:00,63.079501522156086,0.596676801116646,43.467392385386994,0,1.0
2024-01-12 19:00:00,85.36377054245798,0.5508067909391478,45.13312016221626,0,1.0
2024-01-12 20:00:00,72.86343688892279,0.4244537273634367,51.195435401868,0,1.0
2024-01-12 21:00:00,76.08843834475451,0.3798798480982611,46.96056276859023,0,1.0
2024-01-12 22:00:00,59.547466338530455,0.5523261738688077,45.33341879886539,0,1.0
2024-01-12 23:00:00,82.111452896827,0.4462416631441938,49.82762476955801,0,1.0
2024-01-13 00:00:00,76.89818164534789,0.5099204862531502,50.36338949551895,1,1.0
2024-01-13 01:00:00,83.01846229564998,0.6576298972627718,48.97082987390631,0,1.0
2024-01-13 02:00:00,63.71912440358421,0.550232824007478,48.11226540470356,0,1.0
2024-01-13 03:00:00,65.18972881539213,0.4137733000246763,54.273213643562244,1,1.0
2024-01-13 04:00:00,93.03916697683943,0.5160661189819773,51.71213675643414,0,1.0
2024-01-13 05:00:00,59.39984177278453,0.4047355047184612,48.88286943902652,0,1.0
2024-01-13 06:00:00,68.64050299321678,0.6608522155948724,62.32160966757682,0,1.0
2024-01-13 07:00:00,81.36891362602695,0.4438421250396779,50.96915868464207,0,1.0
2024-01-13 08:00:00,70.97724967714855,0.5207270746973619,55.66002566838665,0,1.0
2024-01-13 09:00:00,75.82953679753294,0.5307732574679432,47.19509498434122,1,1.0
2024-01-13 10:00:00,66.00550970737125,0.5159250468373703,43.18529526395995,0,1.0
2024-01-13 11:00:00,73.70055887847519,0.30414510448634613,46.041217421782676,0,1.0
2024-01-13 12:00:00,56.93473148264683,0.35535789360166714,48.65995108300944,0,1.0
2024-01-13 13:00:00,86.58130679618188,0.45476497244309083,47.516958951352414,0,1.0
2024-01-13 14:00:00,68.8183595487143,0.531943183333153,56.68193091161397,0,1.0
2024-01-13 15:00:00,63.1982179600315,0.4862220785714229,49.39979438951946,0,1.0
2024-01-13 16:00:00,76.66383082031915,0.40428525268489834,52.3073443872057,0,1.0
2024-01-13 17:00:00,65.39280212611446,0.3651575680878299,49.76759421983555,0,1.0
2024-01-13 18:00:00,56.65741528597246,0.45984424555006564,47.83222833633416,0,1.0
2024-01-13 19:00:00,56.53282494202445,0.4531523955320277,50.18998006726758,0,1.0
2024-01-13 20:00:00,76.93773152690133,0.5512836457592757,58.57025734885366,0,1.0
2024-01-13 21:00:00,68.40426561853734,0.4673681537841682,46.16025704131592,0,0.0
2024-01-13 22:00:00,68.6629844033156,0.560270765642933,53.834952252797756,0,0.0
2024-01-13 23:00:00,80.77743805976263,0.44053502302795944,44.86996374187109,0,0.0
2024-01-14 00:00:00,58.73174191243257,0.47440423307857316,47.701867788652805,0,0.0
2024-01-14 01:00:00,62.69322247135175,0.4651953620357381,50.01791602977292,0,0.0
2024-01-14 02:00:00,66.15120190818725,0.421763303309791,51.63187544863495,0,0.0
2024-01-14 03:00:00,70.94351589317074,0.562511865643373,57.41564313986907,0,0.0
2024-01-14 04:00:00,69.5782854870942,0.4186404002905493,49.74958679267732,0,0.0
2024-01-14 05:00:00,67.13112807610092,0.4478358490029381,45.781921967320365,0,0.0
2024-01-14 06:00:00,69.38373597904352,0.4926880354051803,53.25020986525385,0,0.0
2024-01-14 07:00:00,68.92694723708826,0.37026203440432603,48.17915095542122,0,0.0
2024-01-14 08:00:00,62.80395611448207,0.4675065041679501,51.19340785465918,0,0.0
2024-01-14 09:00:00,61.870070114459224,0.4288693640257211,49.41888780231124,0,0.0
2024-01-14 10:00:00,72.7451635772394,0.46118458075177504,40.28271574356589,0,0.0
2024-01-14 11:00:00,61.09084917004472,0.4940071997328909,52.54149592796986,0,0.0
2024-01-14 12:00:00,58.42644740809146,0.42000863768593355,52.91684003410649,0,0.0
2024-01-14 13:00:00,66.87707748874307,0.47799242201796444,54.63302384154303,0,0.0
2024-01-14 14:00:00,68.42332983836184,0.6308668752352179,59.00231381230114,0,0.0
2024-01-14 15:00:00,92.56723497298209,0.49742014417455127,44.024481132682624,0,0.0
2024-01-14 16:00:00,62.952997241437664,0.6145262173019225,52.5825372214088,0,0.0
2024-01-14 17:00:00,79.43260724969495,0.5346494442006761,52.046474983204774,0,0.0
2024-01-14 18:00:00,77.47188334204631,0.5774160609818817,47.90459003596089,0,0.0
2024-01-14 19:00:00,58.11055044796264,0.4225541031229174,51.98553118224889,0,0.0
2024-01-14 20:00:00,77.73252977402599,0.5104907165085513,52.49823477555983,0,0.0
2024-01-14 21:00:00,58.16119359806682,0.5133912922615476,43.90658085011402,0,0.0
2024-01-14 22:00:00,43.40827762003259,0.43873742611250643,51.23111380638216,0,0.0
2024-01-14 23:00:00,76.06319524359381,0.4177171675705718,45.41007846997692,0,0.0
2024-01-15 00:00:00,52.44109416562281,0.3509734612092702,46.740717500347046,0,0.0
2024-01-15 01:00:00,74.50934461805915,0.6496139636951632,41.12627592405675,0,0.0
2024-01-15 02:00:00,63.15989102262783,0.4027597110647502,47.633195372487606,0,0.0
2024-01-15 03:00:00,86.59550796189872,0.63462210732223,48.982146642632614,0,0.0
2024-01-15 04:00:00,80.6850939931601,0.45325068263421464,52.749284336481956,1,1.0
2024-01-15 05:00:00,65.46614196148613,0.41375067002752663,50.004499633355536,0,1.0
2024-01-15 06:00:00,63.12162388971318,0.5622519140304998,42.288559246001604,0,1.0
2024-01-15 07:00:00,57.8592259690588,0.4368808058253143,54.310740284421335,1,1.0
2024-01-15 08:00:00,65.59077367707408,0.5568458918924277,49.40706688224954,0,1.0
2024-01-15 09:00:00,67.19644504815491,0.46671882351477906,52.44185295214829,0,1.0
2024-01-15 10:00:00,66.35306455608314,0.5480424496117787,54.82968059229851,0,1.0
2024-01-15 11:00:00,71.56703855272364,0.4031813936092895,57.11302374484517,0,1.0
2024-01-15 12:00:00,75.78521497728879,0.5831351057984768,59.806134946825075,0,1.0
2024-01-15 13:00:00,73.49654456993174,0.5487972682663005,49.63880620664166,0,1.0
2024-01-15 14:00:00,62.35856076093557,0.40803493099373384,51.555622230468266,0,1.0
2024-01-15 15:00:00,55.62208526198422,0.7642935721014742,44.6081945459161,0,1.0
2024-01-15 16:00:00,83.64531848102472,0.5540123026400494,55.308000850176306,0,1.0
2024-01-15 17:00:00,63.105508154500626,0.7290467070530539,44.07556277714115,0,1.0
2024-01-15 18:00:00,63.47706400064981,0.660026781874876,40.9737415568479,0,1.0
2024-01-15 19:00:00,64.78810687698889,0.48111652197822163,54.15193002670196,0,0.0
2024-01-15 20:00:00,51.56930449843351,0.4587728245395457,47.391517375260925,0,0.0
2024-01-15 21:00:00,65.22025995959514,0.4596540816579199,53.8880364067112,0,0.0
2024-01-15 22:00:00,65.20344185992053,0.316997144957219,52.040373246730844,0,0.0
2024-01-15 23:00:00,76.20358298343513,0.4304164880650453,41.849986744881456,0,0.0
2024-01-16 00:00:00,76.98457149107335,0.5246766023979971,36.40160317838693,0,0.0
2024-01-16 01:00:00,70.03770889086269,0.6525957560884809,44.5169912645364,0,0.0
2024-01-16 02:00:00,79.31848374114304,0.4227228117021798,50.08245743490432,0,0.0
2024-01-16 03:00:00,73.39964983801262,0.588205659936301,43.89111832652614,0,0.0
2024-01-16 04:00:00,69.84317888397445,0.3747406658496681,46.73619275325643,0,0.0
2024-01-16 05:00:00,71.60928168298223,0.4413679974788868,42.70529634701337,0,0.0
2024-01-16 06:00:00,68.093465064186,0.4542359405710474,50.849389798984625,0,0.0
2024-01-16 07:00:00,66.0515048596655,0.5371811081497494,50.45412963518162,0,0.0
2024-01-16 08:00:00,67.32266463106033,0.5457309646720812,47.59303687976183,0,0.0
2024-01-16 09:00:00,58.71988668529993,0.5962341744814346,56.98532650656871,0,0.0
2024-01-16 10:00:00,72.80441705316296,0.5770836960404937,57.48857513659782,1,1.0
2024-01-16 11:00:00,60.06876389070419,0.5243168215402492,52.826336012682255,0,1.0
2024-01-16 12:00:00,78.41631264073636,0.5390364943508622,41.00114409266628,0,1.0
2024-01-16 13:00:00,67.50541419839051,0.6588530691097533,44.476549263971954,0,1.0
2024-01-16 14:00:00,70.4949498165009,0.4489073818767737,52.03565165541624,0,1.0
2024-01-16 15:00:00,74.93836776280956,0.5774728319067162,46.857212098777055,1,1.0
2024-01-16 16:00:00,76.43314465062927,0.31918560735017487,47.56454284144088,0,1.0
2024-01-16 17:00:00,54.293765913665474,0.5411334242897609,54.4948369729403,0,1.0
2024-01-16 18:00:00,67.93096323836028,0.4516750457520893,52.55437410946209,0,1.0
2024-01-16 19:00:00,78.80178912080783,0.500257118243151,56.57077216906974,1,1.0
2024-01-16 20:00:00,53.01894180567746,0.6040086245053703,47.85395351676761,0,1.0
2024-01-16 21:00:00,73.87280475395063,0.5164643809526398,56.876127102234484,0,1.0
2024-01-16 22:00:00,47.444357705978106,0.5885187541208927,47.22934376457757,0,1.0
2024-01-16 23:00:00,59.77493156364396,0.6473764815138405,57.497457450693815,0,1.0
2024-01-17 00:00:00,70.38630551840188,0.538909396886572,50.52917321808389,0,1.0
2024-01-17 01:00:00,53.43284897678046,0.6171041064620488,45.697451264451956,1,1.0
2024-01-17 02:00:00,60.1448926231585,0.4673439022320792,41.843902461732334,0,1.0
2024-01-17 03:00:00,55.281649925364135,0.4991790117730386,48.49263842569153,1,1.0
2024-01-17 04:00:00,86.4813493220756,0.4477380583601522,48.718836510022804,0,1.0
2024-01-17 05:00:00,71.64227755487335,0.6042977594646376,54.28830955061226,0,1.0
2024-01-17 06:00:00,75.67290277852669,0.5414091353793595,49.44704748595896,0,1.0
2024-01-17 07:00:00,67.77324899484846,0.44927655381050774,47.83784010710778,0,1.0
2024-01-17 08:00:00,66.465682512428,0.5154668833646332,55.38518736473768,0,1.0
2024-01-17 09:00:00,53.83525811348967,0.6041568388818582,48.87586719364924,0,1.0
2024-01-17 10:00:00,67.08162637252137,0.49607320089620466,47.118790918865486,0,1.0
2024-01-17 11:00:00,62.38507788188377,0.40510671891502364,52.87304458646287,0,1.0
2024-01-17 12:00:00,78.57923924292336,0.5131911755787413,47.55085890576367,0,1.0
2024-01-17 13:00:00,81.41101866657573,0.301943440893106,53.29401070845756,0,1.0
2024-01-17 14:00:00,84.66578715574178,0.5768770644399475,47.015414441084026,0,1.0
2024-01-17 15:00:00,78.52551939461232,0.457867241267532,48.885204085148104,0,0.0
2024-01-17 16:00:00,64.01346063077014,0.45306892637208934,50.76088487794133,1,1.0
2024-01-17 17:00:00,58.84103014039606,0.5875695678779507,48.12936839867847,0,1.0
2024-01-17 18:00:00,77.66663181645086,0.3634837122774831,49.932742653213054,0,1.0
2024-01-17 19:00:00,73.56292817472288,0.6947098642820357,54.0773598462003,0,1.0
2024-01-17 20:00:00,52.314615493229695,0.45197579582617764,52.05300895660024,1,1.0
2024-01-17 21:00:00,73.5548179274377,0.44767490566151047,52.404849250173115,0,1.0
2024-01-17 22:00:00,78.14519822487867,0.6021224743167163,46.82284780690367,0,1.0
2024-01-17 23:00:00,70.5892558918163,0.5708695273110427,54.26414884137184,0,1.0
2024-01-18 00:00:00,68.14946328990658,0.7451229719075076,53.347811702545414,0,1.0
2024-01-18 01:00:00,61.923515123836445,0.478879401636848,55.022095961308125,0,1.0
2024-01-18 02:00:00,55.53465300436612,0.487959336133559,46.36817083906949,0,1.0
2024-01-18 03:00:00,78.00297949340028,0.3520684020036746,49.137707016592714,0,1.0
2024-01-18 04:00:00,66.90885555228292,0.4667897722651175,53.167669512302005,0,1.0
2024-01-18 05:00:00,67.66533338456307,0.4278568704428244,46.95592441291434,0,1.0
2024-01-18 06:00:00,87.32721186919133,0.45512329868945006,48.86938765118022,0,1.0
2024-01-18 07:00:00,76.8450110685919,0.32558122434460446,59.629028687297634,0,1.0
2024-01-18 08:00:00,73.70825001281102,0.6660607559894514,59.75880506133907,0,0.0
2024-01-18 09:00:00,71.42061805187235,0.35833965175743593,56.199702749136804,0,0.0
2024-01-18 10:00:00,85.19994860765773,0.2197797201608287,54.69292568124884,1,1.0
2024-01-18 11:00:00,87.19589307416194,0.3811575578416981,44.903744252474354,0,1.0
2024-01-18 12:00:00,79.29505111479529,0.4396160447203849,52.56281115713061,0,1.0
2024-01-18 13:00:00,75.82224591397924,0.38504459367428817,48.204417024670576,0,1.0
2024-01-18 14:00:00,49.05396928793856,0.6098303540732513,44.707140511973165,0,1.0
2024-01-18 15:00:00,71.23721914233506,0.48621608214039064,47.4549708070434,0,1.0
2024-01-18 16:00:00,68.69893045806296,0.5025385604406459,50.57832537023173,0,1.0
2024-01-18 17:00:00,70.93953229385569,0.5610391764305412,47.26322212850667,0,1.0
2024-01-18 18:00:00,79.43046087322517,0.5286012526978118,47.2460028714658,0,1.0
2024-01-18 19:00:00,42.603228328104436,0.5978567297446042,53.96020749211487,0,1.0
2024-01-18 20:00:00,64.30687946529815,0.3890522446363855,50.720532425616156,1,1.0
2024-01-18 21:00:00,72.69904354940762,0.44524818993205684,51.16729039831159,1,1.0
2024-01-18 22:00:00,65.33154453947238,0.5665967146069538,50.55936198448149,0,1.0
2024-01-18 23:00:00,55.830938868737405,0.24654455379157697,46.62148428314175,1,1.0
2024-01-19 00:00:00,78.68963486896796,0.3624815520682759,43.147140410196556,0,1.0
2024-01-19 01:00:00,72.76871905846129,0.5500992232179946,51.552823552102396,0,1.0
2024-01-19 02:00:00,60.28895429555516,0.45197509650050743,47.46481683937278,0,1.0
2024-01-19 03:00:00,73.14817204515823,0.5936107550109697,39.94608865707061,0,1.0
2024-01-19 04:00:00,78.21585712049796,0.5809180296853163,48.03716371017424,0,1.0
2024-01-19 05:00:00,70.05292646299361,0.38019071198089616,44.53891029329688,0,1.0
2024-01-19 06:00:00,78.00564803430997,0.5406657087466882,53.49325117153877,0,1.0
2024-01-19 07:00:00,70.78260175161661,0.6201697855667506,52.6081261362017,0,1.0
2024-01-19 08:00:00,66.04771017345645,0.5147434401650972,52.48446572419235,0,1.0
2024-01-19 09:00:00,58.40579483600087,0.40225351227541306,46.67479190920655,0,1.0
2024-01-19 10:00:00,69.14069233028387,0.587938994191337,53.65775790931077,0,1.0
2024-01-19 11:00:00,71.94292938045771,0.5635424526553996,51.59824891567037,0,0.0
2024-01-19 12:00:00,78.75832761587331,0.5542610783498796,47.9507273078009,0,0.0
2024-01-19 13:00:00,68.84892531512773,0.5715938893436991,47.733312839307416,0,0.0
2024-01-19 14:00:00,74.57415606220991,0.2005387139772381,54.4635407643685,0,0.0
2024-01-19 15:00:00,60.353879862662716,0.5880937561080972,47.63197971518171,0,0.0
2024-01-19 16:00:00,62.17370844172475,0.6808131810578976,51.51828236763139,0,0.0
2024-01-19 17:00:00,68.89610700973113,0.5436638474629293,55.16978493406392,0,0.0
2024-01-19 18:00:00,59.45371536014986,0.5192728996499727,59.546713127785544,0,0.0
2024-01-19 19:00:00,78.2024783732468,0.569643867339144,58.31936562218865,0,0.0
2024-01-19 20:00:00,74.63130329318606,0.5338225473685115,54.50411382104515,0,0.0
2024-01-19 21:00:00,72.79095764392453,0.5651781261700616,42.47044324214306,0,0.0
2024-01-19 22:00:00,73.38904125215944,0.5001471000245411,46.55475785291014,0,0.0
2024-01-19 23:00:00,90.21043561484797,0.42332951454630996,47.259564062637324,0,0.0
2024-01-20 00:00:00,65.31135812033205,0.39956772877853863,58.26574916282661,0,0.0
2024-01-20 01:00:00,47.985587144994426,0.4001808271768136,46.503410295139545,0,0.0
2024-01-20 02:00:00,71.99300196896465,0.36269574490491047,51.93083188549185,0,0.0
2024-01-20 03:00:00,69.49396459038334,0.39322579889808934,50.50433531628656,0,0.0
2024-01-20 04:00:00,64.82480957489597,0.6761266127419863,45.32436395281228,0,0.0
2024-01-20 05:00:00,60.2117014064123,0.5754095663656242,51.909120048096916,0,0.0
2024-01-20 06:00:00,65.60810478197853,0.43749726093153285,51.991480430987465,1,1.0
2024-01-20 07:00:00,71.81338429217821,0.4609607306014492,43.72112559129249,0,1.0
2024-01-20 08:00:00,64.97183299357462,0.5112557530906454,56.114387235267046,0,1.0
2024-01-20 09:00:00,94.12453679543748,0.4344454970515642,39.567449855724064,0,1.0
2024-01-20 10:00:00,60.39495618366852,0.5067516857174325,47.04621423545019,0,1.0
2024-01-20 11:00:00,62.06882637292328,0.5777604137902912,54.85985146932788,0,1.0
2024-01-20 12:00:00,47.113799599854715,0.49642572664518264,44.03371083262981,1,1.0
2024-01-20 13:00:00,72.51484415021537,0.5336015742661993,51.75132959781015,0,1.0
2024-01-20 14:00:00,49.835933722002395,0.5886491539359616,43.51819805862285,0,1.0
2024-01-20 15:00:00,64.60545366625499,0.4727868243981792,49.534879277778884,0,1.0
2024-01-20 16:00:00,67.24329465439443,0.5284790599134364,38.431134434139,0,1.0
2024-01-20 17:00:00,62.902720341531115,0.46906224071166386,45.78714149143496,0,1.0
2024-01-20 18:00:00,87.3887267745451,0.49714711301655834,42.28539276422855,0,1.0
2024-01-20 19:00:00,79.94394391315498,0.467526973491704,47.991181289367496,0,1.0
2024-01-20 20:00:00,83.19136876301576,0.44711301464438846,47.92384302089172,0,1.0
2024-01-20 21:00:00,61.17581181450082,0.5173711852987023,46.6316791434543,1,1.0
2024-01-20 22:00:00,81.28594064514569,0.5566545315818212,53.989565982833724,0,1.0
2024-01-20 23:00:00,74.96000946343962,0.5146304446001044,45.56560198064281,0,1.0
2024-01-21 00:00:00,77.71405948676846,0.5498726958311932,53.17193336594526,0,1.0
2024-01-21 01:00:00,80.29438828782767,0.426206821975877,58.14637884979431,0,1.0
2024-01-21 02:00:00,60.91236754040947,0.37962648078002204,50.69532075152341,0,1.0
2024-01-21 03:00:00,65.75682379022099,0.5417043502967603,45.711648977123005,0,1.0
2024-01-21 04:00:00,78.6259601132845,0.5687881391174755,43.753307425692284,0,1.0
2024-01-21 05:00:00,43.44380907025067,0.5049857266599823,46.4510744994025,0,1.0
2024-01-21 06:00:00,85.13328082573204,0.6348035780424719,53.523213603749454,0,1.0
2024-01-21 07:00:00,75.53132064207584,0.5907698797987899,50.77795367484449,0,1.0
2024-01-21 08:00:00,69.54296039339765,0.7680570840769001,54.68397608126995,0,1.0
2024-01-21 09:00:00,72.20507655757173,0.47991914860043344,53.85165439663606,0,0.0
2024-01-21 10:00:00,59.70064716691024,0.40011512039046315,50.70405325939118,1,1.0
2024-01-21 11:00:00,66.50056635410895,0.42598632092604866,52.36744130833231,0,1.0
2024-01-21 12:00:00,81.00284338220374,0.44345021936253437,59.2762310471024,1,1.0
2024-01-21 13:00:00,82.98021972326221,0.5476031383438115,57.0782811308734,0,1.0
2024-01-21 14:00:00,96.96224052563579,0.28419314360387427,48.486269915478736,0,1.0
2024-01-21 15:00:00,69.26075333719585,0.6318551018090837,54.94839720967945,0,1.0
2024-01-21 16:00:00,63.414470331949964,0.4760703408857656,52.92925402908968,0,1.0
2024-01-21 17:00:00,64.8576603406001,0.4753206442211248,55.681940387698695,0,1.0
2024-01-21 18:00:00,59.81958124712635,0.3920656833975005,53.35808286017955,0,1.0
2024-01-21 19:00:00,69.22145244059149,0.488577444854982,45.12916282478505,0,1.0
2024-01-21 20:00:00,73.82732430012268,0.5013239767667533,41.901577173136495,0,1.0
2024-01-21 21:00:00,69.65757719468046,0.4878055072399723,52.86313508602543,0,1.0
2024-01-21 22:00:00,80.96346845665798,0.533905925594243,59.513090991849154,0,1.0
2024-01-21 23:00:00,67.65784198655463,0.441036795804897,46.12167946030014,0,1.0
2024-01-22 00:00:00,66.52549347501437,0.41041842395891726,49.05955130975175,0,0.0
2024-01-22 01:00:00,64.18731523139675,0.554832813049798,44.82126136902394,0,0.0
2024-01-22 02:00:00,53.67365473765505,0.5098667453815796,55.8891475235283,0,0.0
2024-01-22 03:00:00,54.32232275691546,0.5197181055197367,38.474165724782395,1,1.0
2024-01-22 04:00:00,58.208420693623125,0.6059027254441967,38.68169849482096,0,1.0
2024-01-22 05:00:00,83.0142807166476,0.3977435608739314,51.875099599100764,0,1.0
2024-01-22 06:00:00,78.9526027288993,0.41447595427491357,49.58828176604324,1,1.0
2024-01-22 07:00:00,83.7496406639299,0.6257219650828995,47.601884924630966,0,1.0
2024-01-22 08:00:00,56.67788345405498,0.3517116642425957,48.49452606738293,0,1.0
2024-01-22 09:00:00,50.3137531021398,0.36905878536689857,52.684939572281806,0,1.0
2024-01-22 10:00:00,63.399436798659174,0.5817861831184996,47.93098005475167,0,1.0
2024-01-22 11:00:00,71.75818953296027,0.5238200192022039,44.51537514133443,0,1.0
2024-01-22 12:00:00,74.98690274909828,0.5105232137059276,45.36318535963517,0,1.0
2024-01-22 13:00:00,80.47972155968053,0.4908340591899617,54.441694309984214,0,1.0
2024-01-22 14:00:00,72.84279670807214,0.5031267547027569,47.376290225188896,0,1.0
2024-01-22 15:00:00,87.42668780655632,0.49078878853080443,43.07361208116401,0,1.0
2024-01-22 16:00:00,67.77394319051679,0.6355442702594418,50.510891634719854,0,1.0
2024-01-22 17:00:00,60.86920781958204,0.46018518712499246,52.524973608900055,0,1.0
2024-01-22 18:00:00,53.18781784505566,0.4838626463722221,56.64480373776612,0,0.0
2024-01-22 19:00:00,61.1102864190455,0.6794448805225074,51.089516935608344,0,0.0
2024-01-22 20:00:00,72.42117960985124,0.5027509702029835,46.70144376395165,0,0.0
2024-01-22 21:00:00,61.11279742646369,0.7232016389525178,52.37003933638515,0,0.0
2024-01-22 22:00:00,79.36742463535258,0.48950202989810465,53.635874350102185,0,0.0
2024-01-22 23:00:00,84.12327706037443,0.6367414982460159,49.805473466680965,0,0.0
2024-01-23 00:00:00,46.30413094773397,0.3344655961690322,49.777003036372136,0,0.0
2024-01-23 01:00:00,78.64052300497647,0.5153644460815666,51.300664524693836,1,1.0
2024-01-23 02:00:00,47.60395941338263,0.34155264368490645,49.650717508719076,0,1.0
2024-01-23 03:00:00,74.01499055090288,0.5844454306604586,51.250569534415625,0,1.0
2024-01-23 04:00:00,82.2487056419366,0.37871321837909755,44.89043337786536,0,1.0
2024-01-23 05:00:00,70.64856106343576,0.5283769554383345,44.24781115090745,0,1.0
2024-01-23 06:00:00,57.2031082679576,0.47178041233095647,45.81944310249615,0,1.0
2024-01-23 07:00:00,64.14568795722228,0.3841796814815971,53.211054716647126,0,1.0
2024-01-23 08:00:00,67.383545542891,0.33806400171024575,51.293987836703046,0,1.0
2024-01-23 09:00:00,68.17755216210057,0.44889595364198903,55.201194821247796,0,1.0
2024-01-23 10:00:00,67.97103159233333,0.6740629445895331,49.06654538942695,0,1.0
2024-01-23 11:00:00,68.90117220690686,0.47065149451106225,44.28179302079075,0,1.0
2024-01-23 12:00:00,72.13480048910169,0.5917221542115856,55.72276767642279,0,1.0
2024-01-23 13:00:00,57.91426346266779,0.4942957132337812,49.90616472230054,0,0.0
2024-01-23 14:00:00,67.57980170129781,0.5876726773690453,56.41727518133263,1,1.0
2024-01-23 15:00:00,85.18261170355706,0.31730886216954823,52.9897324569609,0,1.0
2024-01-23 16:00:00,66.15354576857482,0.45968116931504666,60.943093394114186,0,1.0
2024-01-23 17:00:00,65.56163906844802,0.5949405523793219,48.90113507143319,0,1.0
2024-01-23 18:00:00,80.78197303714238,0.48367450511668214,54.503619525445906,0,1.0
2024-01-23 19:00:00,44.40815333655904,0.4913544717288953,54.45682053176472,0,1.0
2024-01-23 20:00:00,81.81378601288286,0.45695380881142067,47.22436827252775,0,1.0
2024-01-23 21:00:00,63.68096241994833,0.6149379383367124,49.13758841446519,0,1.0
2024-01-23 22:00:00,71.63928572452586,0.5297514353954946,42.69130828891639,0,1.0
2024-01-23 23:00:00,70.96321355921197,0.5044022276175348,42.25601931498667,0,1.0
2024-01-24 00:00:00,79.42468119220393,0.5643054545339292,50.63284400765387,0,1.0
2024-01-24 01:00:00,67.32405253764652,0.5588224929117936,53.96503535348714,0,1.0
2024-01-24 02:00:00,63.219742184355496,0.5212587046437537,53.190120167477275,0,0.0
2024-01-24 03:00:00,82.97845790651098,0.6547031496990845,51.700122991298265,0,0.0
2024-01-24 04:00:00,46.3582618285882,0.4939712466360881,54.315085765755455,0,0.0
2024-01-24 05:00:00,70.20334181705243,0.5278081047967944,47.05151102150337,0,0.0
2024-01-24 06:00:00,56.520745773708796,0.43570474466471093,48.6373362575612,0,0.0
2024-01-24 07:00:00,62.38426611743441,0.5150115227006129,53.687607567069406,0,0.0
2024-01-24 08:00:00,90.11256681463138,0.6587761523745368,52.16559364724467,0,0.0
2024-01-24 09:00:00,69.55404573544143,0.43567423982112613,48.94905593101619,0,0.0
2024-01-24 10:00:00,71.9506969715138,0.38664071743615414,56.603971930639574,0,0.0
2024-01-24 11:00:00,52.184371442944084,0.5996759642819816,43.53999374476436,0,0.0
2024-01-24 12:00:00,62.70955341205304,0.4851233847766321,47.406606563557034,0,0.0
2024-01-24 13:00:00,71.96557400728786,0.509600420496977,48.58301112771874,0,0.0
2024-01-24 14:00:00,73.54757693113218,0.4954886696306665,54.08267439886885,0,0.0
2024-01-24 15:00:00,76.16886554393278,0.5079121723929535,50.01192598957618,1,1.0
2024-01-24 16:00:00,70.08627898917577,0.5850530683523438,43.69254126604692,0,1.0
2024-01-24 17:00:00,75.2700420845466,0.41608758094007264,52.57002089908032,0,1.0
2024-01-24 18:00:00,74.53781912635684,0.39882259158945116,55.437731577334475,0,1.0
2024-01-24 19:00:00,51.70259588995469,0.5084968137037708,53.69652266566513,0,1.0
2024-01-24 20:00:00,70.3700572191015,0.3393560310550167,53.09577460802745,0,1.0
2024-01-24 21:00:00,77.67902407732704,0.3626946463958072,40.62843251629466,0,1.0
2024-01-24 22:00:00,75.8987982073452,0.6866683148331627,45.50056761628258,0,1.0
2024-01-24 23:00:00,66.3614119002921,0.5757468330061404,52.41040304336101,0,1.0
2024-01-25 00:00:00,61.94373492460632,0.49899435281309856,49.72555907622806,0,1.0
2024-01-25 01:00:00,58.816880756783675,0.623800693595844,52.61278800999406,0,1.0
2024-01-25 02:00:00,68.68945988458587,0.3959400769914855,43.66828661518523,0,1.0
2024-01-25 03:00:00,81.33079879559722,0.4684396876614142,49.69252617857557,0,0.0
2024-01-25 04:00:00,50.48195898518398,0.5623453609424383,43.051094905518966,0,0.0
2024-01-25 05:00:00,63.40108270270502,0.5890671681431394,40.23160718690297,0,0.0
2024-01-25 06:00:00,58.60197544573226,0.5512916846827777,51.47889544253444,0,0.0
2024-01-25 07:00:00,77.849575212405,0.24587611923117753,54.2129439822849,0,0.0
2024-01-25 08:00:00,64.456903734287,0.4031917882335422,51.22808213950888,0,0.0
2024-01-25 09:00:00,65.29362341845209,0.5477068092356865,49.83501759867667,0,0.0
2024-01-25 10:00:00,67.8305043006335,0.46440485069531934,42.18992829085367,0,0.0
2024-01-25 11:00:00,74.45393250894797,0.7540231620759172,55.030535335487734,0,0.0
2024-01-25 12:00:00,66.07611001850363,0.5926558300967096,49.77977551312029,0,0.0
2024-01-25 13:00:00,39.53856945200073,0.5558081880618666,59.79781002602884,0,0.0
2024-01-25 14:00:00,75.43311891387519,0.38830504462532767,54.711571541384835,0,0.0
2024-01-25 15:00:00,74.39042957672042,0.4964703260397084,39.97437286673926,0,0.0
2024-01-25 16:00:00,67.80458971668787,0.5241203964218952,53.77524840127944,0,0.0
2024-01-25 17:00:00,59.159633793280655,0.6127783630127802,43.017323812134215,0,0.0
2024-01-25 18:00:00,73.51780110681358,0.5881131097099632,46.20252254785468,0,0.0
2024-01-25 19:00:00,73.79235533535586,0.6032989194519945,48.746216616199256,0,0.0
2024-01-25 20:00:00,65.29967117299125,0.4076087984189998,49.52968774818698,0,0.0
2024-01-25 21:00:00,67.83268529424461,0.6412151698298632,51.98782607808733,1,1.0
2024-01-25 22:00:00,60.698434974756786,0.3619569247692731,44.88572479597893,0,1.0
2024-01-25 23:00:00,68.21410907912671,0.4464085438333838,44.24653997871677,0,1.0
2024-01-26 00:00:00,54.49570654916519,0.5430771134945641,53.00302600866538,0,1.0
2024-01-26 01:00:00,74.17318821031836,0.48501084082668605,49.93374866032987,0,1.0
2024-01-26 02:00:00,60.556315091757064,0.39939631420796085,50.87186524350763,0,1.0
2024-01-26 03:00:00,72.38103147832312,0.4178450174396867,39.031583241526704,1,1.0
2024-01-26 04:00:00,55.940370837321005,0.34517456771509575,49.11431308342338,0,1.0
2024-01-26 05:00:00,64.0994235413046,0.5531974639007191,45.546354084692524,0,1.0
2024-01-26 06:00:00,68.89510594934072,0.6260568845042149,45.39686813491565,0,1.0
2024-01-26 07:00:00,53.39300188130737,0.4899606496598634,54.609674021122885,0,1.0
2024-01-26 08:00:00,71.15147873140093,0.4599651184986577,44.52164385513744,0,1.0
2024-01-26 09:00:00,66.20852437120077,0.35276770715335104,44.53551696836985,0,1.0
2024-01-26 10:00:00,52.57643802190769,0.5913201924252178,48.34494698299127,0,1.0
2024-01-26 11:00:00,56.967572458876845,0.7211304333239493,52.25144415323672,1,1.0
2024-01-26 12:00:00,76.05120084082166,0.32025441956331024,45.57992635125957,0,1.0
2024-01-26 13:00:00,78.95555985551324,0.3936567061845393,56.17072017890031,0,1.0
2024-01-26 14:00:00,68.68091360220033,0.43204069574558557,57.24923762680609,0,1.0
2024-01-26 15:00:00,74.04761812040498,0.4435682090317511,45.59276466765768,0,1.0
2024-01-26 16:00:00,72.2384356331291,0.522734595014348,48.774591222115724,0,1.0
2024-01-26 17:00:00,73.29622982127738,0.6614249547280228,46.10662263671193,0,1.0
2024-01-26 18:00:00,82.85984007080293,0.6008597286860103,41.57308947564386,0,1.0
2024-01-26 19:00:00,54.930016017857284,0.5527597382774316,51.51505525228079,1,1.0
2024-01-26 20:00:00,76.76460732361623,0.42760712959413977,53.667974341146845,0,1.0
2024-01-26 21:00:00,66.1799104442218,0.3880371766319546,60.05932131563281,0,1.0
2024-01-26 22:00:00,67.7574106574836,0.4203224693693699,45.512952481843314,0,1.0
2024-01-26 23:00:00,66.9775026954493,0.6548066801378739,56.68117545406311,0,1.0
2024-01-27 00:00:00,66.24852883338716,0.4938256698542099,56.71176845628977,0,1.0
2024-01-27 01:00:00,57.73803808216981,0.45531637463373786,50.98926654783577,0,1.0
2024-01-27 02:00:00,71.83339199257601,0.4816244269750008,53.01081744788032,0,1.0
2024-01-27 03:00:00,86.70943032788857,0.5824618219638468,54.366365241503516,0,1.0
2024-01-27 04:00:00,69.43866979551242,0.3687150325450208,59.8704997412095,0,1.0
2024-01-27 05:00:00,69.98614957264904,0.6414874135922423,52.38904281308235,0,1.0
2024-01-27 06:00:00,63.12700962843336,0.5156476256946299,49.69931057248157,0,1.0
2024-01-27 07:00:00,68.82525453581889,0.4783656021704274,45.66915600496264,0,0.0
2024-01-27 08:00:00,74.6616642603403,0.5442846113746739,51.52660377506249,0,0.0
2024-01-27 09:00:00,66.29757559295658,0.5218397073129937,55.12082466386535,0,0.0
2024-01-27 10:00:00,65.46195958947999,0.4655803543532619,51.22305180664736,0,0.0
2024-01-27 11:00:00,74.03264540163246,0.47472893279583933,46.100383755374985,0,0.0
2024-01-27 12:00:00,60.81995230180954,0.4131137453134048,50.44538101248282,0,0.0
2024-01-27 13:00:00,72.52496627076873,0.5656390750859303,49.35423258769943,0,0.0
2024-01-27 14:00:00,78.20321797261421,0.4468006190588838,51.323693788778534,0,0.0
2024-01-27 15:00:00,83.59948541679485,0.4043741577567717,41.690758163908754,0,0.0
2024-01-27 16:00:00,69.09617992723054,0.5165863522653538,52.75394307051366,0,0.0
2024-01-27 17:00:00,83.67597239806713,0.6329141282745554,52.97711578381862,0,0.0
2024-01-27 18:00:00,80.34409886481518,0.49516553762201804,52.224267190932544,0,0.0
2024-01-27 19:00:00,60.03787359628934,0.43918987430483103,49.98118591427488,0,0.0
2024-01-27 20:00:00,57.82061488406849,0.5403896020835974,40.97031868698289,0,0.0
2024-01-27 21:00:00,66.9503636214558,0.6936712462402552,49.90338604014368,0,0.0
2024-01-27 22:00:00,80.28935492594854,0.35480944705682527,55.30357499671085,0,0.0
2024-01-27 23:00:00,69.27712992439996,0.5382202787785294,45.699355618537695,0,0.0
2024-01-28 00:00:00,63.99342442342211,0.5205086625231854,40.05365266919358,0,0.0
2024-01-28 01:00:00,85.5224318004856,0.6161533803559117,42.297210140646534,0,0.0
2024-01-28 02:00:00,72.86904488003347,0.5990909173684845,51.57012845910302,0,0.0
2024-01-28 03:00:00,46.794057242092585,0.4813290888190221,51.86438004426219,0,0.0
2024-01-28 04:00:00,73.17160626292689,0.33154827445751167,54.431465973107336,0,0.0
2024-01-28 05:00:00,75.20040614570868,0.580656376789626,49.72370502135174,0,0.0
2024-01-28 06:00:00,72.25608654471104,0.4164807309808517,42.49835812010715,0,0.0
2024-01-28 07:00:00,74.49712100231993,0.405325958904281,45.90747929703162,1,1.0
2024-01-28 08:00:00,69.32724391077018,0.6148350580691126,54.09419686299674,0,1.0
2024-01-28 09:00:00,56.81604130355266,0.40891496223613477,50.70247953719738,0,1.0
2024-01-28 10:00:00,66.29295996779547,0.6402844740100243,53.249148173399895,1,1.0
2024-01-28 11:00:00,60.543842044437085,0.5335844721405313,52.1739440273052,0,1.0
2024-01-28 12:00:00,60.67259089205622,0.5319118400086282,48.97519724134852,0,1.0
2024-01-28 13:00:00,57.36931650897725,0.5307264780505591,49.12996581245983,0,1.0
2024-01-28 14:00:00,74.52489092639647,0.3361576374258208,59.285511348779295,0,1.0
2024-01-28 15:00:00,70.97896145412628,0.3223611383653424,52.073371333046104,0,1.0
2024-01-28 16:00:00,65.51834637319291,0.5215553053788685,49.357062248418195,0,1.0
2024-01-28 17:00:00,63.50662072269612,0.556800735922642,52.27709995468405,0,1.0
2024-01-28 18:00:00,69.76576894978548,0.5082611032156201,51.114529098121366,0,1.0
2024-01-28 19:00:00,80.79194728112489,0.41784654829804724,39.21321813252769,0,1.0
2024-01-28 20:00:00,49.957842845010845,0.5018922103882195,53.25042257186157,0,1.0
2024-01-28 21:00:00,73.76876520850892,0.49179658468545157,59.10469637044838,0,1.0
2024-01-28 22:00:00,64.54288025982217,0.404284190172459,46.098600658049676,0,0.0
2024-01-28 23:00:00,51.15414155020552,0.6013972154112162,57.27017874419583,0,0.0
2024-01-29 00:00:00,50.542969168360415,0.32697239384499144,48.71565151334042,0,0.0
2024-01-29 01:00:00,60.872165058647084,0.5588742406807506,51.46735698824911,0,0.0
2024-01-29 02:00:00,72.19509555793046,0.5384323405211245,55.35180008486587,0,0.0
2024-01-29 03:00:00,73.93062933980092,0.6009711854811715,46.39999284354595,0,0.0
2024-01-29 04:00:00,60.610184273222146,0.39946881276511415,56.21246956409236,0,0.0
2024-01-29 05:00:00,80.17020991413244,0.5101407146668211,43.928913593203305,0,0.0
2024-01-29 06:00:00,84.22983496516106,0.7171164949318166,45.624226255430415,0,0.0
2024-01-29 07:00:00,73.96086584956561,0.5662074288999707,47.03239841326237,0,0.0
2024-01-29 08:00:00,64.08597332191889,0.5100581208728964,53.31002683225951,0,0.0
2024-01-29 09:00:00,81.24419184510369,0.5539161274114197,48.295627947152646,0,0.0
2024-01-29 10:00:00,77.55395695663339,0.508617684238012,42.40012770207066,0,0.0
2024-01-29 11:00:00,78.67407411354918,0.719089801323984,48.917335640750856,0,0.0
2024-01-29 12:00:00,63.43536325028469,0.5983636195789179,46.07889308732808,0,0.0
2024-01-29 13:00:00,41.65445494725297,0.49143850457695026,53.65646810420184,0,0.0
2024-01-29 14:00:00,91.16791021483675,0.5252331431384522,48.283824727724486,0,0.0
2024-01-29 15:00:00,53.89121596550066,0.4609202003918986,50.353870379503256,0,0.0
2024-01-29 16:00:00,69.64231928139779,0.6209850126410306,47.972637714296646,0,0.0
2024-01-29 17:00:00,93.8074535121975,0.35938952286089887,52.16969484115145,0,0.0
2024-01-29 18:00:00,73.30576756274374,0.33952614701390127,49.08204618264723,0,0.0
2024-01-29 19:00:00,79.49246473558236,0.6458714749675993,51.62599357343532,0,0.0
2024-01-29 20:00:00,54.976034306182875,0.7153119792570583,37.03305717629145,0,0.0
2024-01-29 21:00:00,52.223330452662935,0.5468304907689592,50.48625438488893,0,0.0
2024-01-29 22:00:00,64.67297208020446,0.5112737941235738,52.069568350551165,0,0.0
2024-01-29 23:00:00,80.907497344345,0.5657267690304777,49.00359972542704,0,0.0
2024-01-30 00:00:00,66.5375055235269,0.4352946473617241,53.346962356962706,0,0.0
2024-01-30 01:00:00,62.053636789285015,0.5171243545152212,53.69303514496411,0,0.0
2024-01-30 02:00:00,71.97967289944967,0.5038908705856215,56.521069459247514,0,0.0
2024-01-30 03:00:00,80.81935218477265,0.5626564250745361,50.52405804036141,0,0.0
2024-01-30 04:00:00,55.55059800926628,0.34420014718166037,40.430996476650094,0,0.0
2024-01-30 05:00:00,57.89457005876648,0.44929652302346623,38.572502756051776,0,0.0
2024-01-30 06:00:00,62.11330745490634,0.5844995603000838,41.99079523962741,0,0.0
2024-01-30 07:00:00,80.94638374712092,0.4324406172369937,49.81046469407932,0,0.0
2024-01-30 08:00:00,72.34821525948732,0.4006638624576865,49.21347355859717,0,0.0
2024-01-30 09:00:00,91.32153410570444,0.7042072149826955,51.38119926009987,0,0.0
2024-01-30 10:00:00,79.36445725831116,0.50381180001794,46.87377038721413,1,1.0
2024-01-30 11:00:00,69.6490482313033,0.4421081860056792,46.317544142471256,0,1.0
2024-01-30 12:00:00,82.65077838088766,0.3307629562525891,52.77523971205217,0,1.0
2024-01-30 13:00:00,72.11497012731878,0.5729346346280426,53.27962205686251,0,1.0
2024-01-30 14:00:00,62.95078647492555,0.5699136153718694,48.71674932259759,0,1.0
2024-01-30 15:00:00,76.79974844245102,0.4701240399430064,49.807616708805234,0,1.0
2024-01-30 16:00:00,63.036733461389176,0.3897769809092909,52.02157171664496,1,1.0
2024-01-30 17:00:00,67.09602899196133,0.4975450576357621,52.52171787581497,0,1.0
2024-01-30 18:00:00,83.27782695957983,0.4164143932518379,44.2800965020063,0,1.0
2024-01-30 19:00:00,68.987185137826,0.4057906411126884,46.40213072041025,0,1.0
2024-01-30 20:00:00,61.968586126583716,0.48967872485382924,43.847269771773064,0,1.0
2024-01-30 21:00:00,65.35662308564508,0.3948609601339935,47.465466925815846,0,1.0
2024-01-30 22:00:00,80.21790585588673,0.5246648955252446,54.06166794670916,0,1.0
2024-01-30 23:00:00,64.47459326583271,0.5607992509406398,52.731359334718825,0,1.0
2024-01-31 00:00:00,66.13129153149353,0.41603675528268086,44.50951019818721,0,1.0
2024-01-31 01:00:00,64.89707260366372,0.36317549046616093,52.56133363412991,0,1.0
2024-01-31 02:00:00,71.8392549434031,0.6561279598955807,50.42921552671226,0,1.0
2024-01-31 03:00:00,66.14510239624391,0.40597297640427954,47.5303664645704,0,1.0
2024-01-31 04:00:00,53.98163951027463,0.43400572948976623,42.96770172448184,0,0.0
2024-01-31 05:00:00,61.128190581549596,0.5213017167429888,49.12588314191117,0,0.0
2024-01-31 06:00:00,60.67210958493562,0.5599369372522297,53.39972003057978,0,0.0
2024-01-31 07:00:00,82.43319384455155,0.47436831063103574,39.18451175801937,0,0.0
2024-01-31 08:00:00,78.12674042109043,0.5460794327701256,48.01938401124275,0,0.0
2024-01-31 09:00:00,75.87259379399826,0.45990138421035986,61.271418494024815,0,0.0
2024-01-31 10:00:00,64.9464168273559,0.40288293351756094,53.36318359284047,0,0.0
2024-01-31 11:00:00,61.84208458006029,0.6426316860787027,51.29916247501738,0,0.0
2024-01-31 12:00:00,64.92482398342644,0.7488441614331128,46.31407415214543,0,0.0
2024-01-31 13:00:00,59.48119897448326,0.669596953301417,46.60835081063015,1,1.0
2024-01-31 14:00:00,94.97200391587008,0.5141806639153454,49.58355802150018,0,1.0
2024-01-31 15:00:00,47.546783516285984,0.6833435361815678,58.01431814688568,0,1.0
2024-01-31 16:00:00,75.64008535073809,0.5355703515723984,52.32794595447465,0,1.0
2024-01-31 17:00:00,57.15447702007473,0.45227137295967706,45.63920801114589,0,1.0
2024-01-31 18:00:00,68.95656508505307,0.5466379574381979,55.88393481191932,0,1.0
2024-01-31 19:00:00,60.119980575062655,0.4905607493588815,48.53702896420955,0,1.0
2024-01-31 20:00:00,58.223710375173695,0.40168818162542924,58.486732405069745,0,1.0
2024-01-31 21:00:00,58.598036990650385,0.4101678028567984,47.16698487681148,0,1.0
2024-01-31 22:00:00,87.54986153742058,0.5802051738740516,44.983671215480555,1,1.0
2024-01-31 23:00:00,68.67011577690408,0.3153468018335327,50.87314788906785,0,1.0
2024-02-01 00:00:00,62.342978055219135,0.5604136740442685,54.91163491900149,0,1.0
2024-02-01 01:00:00,75.55786964082873,0.33704163972515616,55.18722398365455,0,1.0
2024-02-01 02:00:00,70.103493145663,0.2878823555097564,50.79595883334406,0,1.0
2024-02-01 03:00:00,77.20033759341652,0.31611533962415017,45.05951656015694,0,1.0
2024-02-01 04:00:00,51.757433440621696,0.696676397193474,47.473296390510576,0,1.0
2024-02-01 05:00:00,73.03603904462001,0.4803766035056458,39.90859065822892,0,1.0
2024-02-01 06:00:00,77.72694837102382,0.5086583180165419,45.4343923121559,0,1.0
2024-02-01 07:00:00,53.384017088854364,0.6419255045910951,49.10771592551369,0,1.0
2024-02-01 08:00:00,74.48195284423312,0.5934179748499725,51.94501070326739,0,1.0
2024-02-01 09:00:00,86.96181572828161,0.36084947305957804,48.3027283926761,0,1.0
2024-02-01 10:00:00,69.85142296645297,0.5869006342818761,49.7151047251113,0,0.0
2024-02-01 11:00:00,78.21405937024811,0.5184181264703547,48.019072776250916,0,0.0
2024-02-01 12:00:00,76.7057045031091,0.46583219024041195,53.75512652094885,1,1.0
2024-02-01 13:00:00,62.92494302489423,0.502429091413778,45.504435307867304,0,1.0
2024-02-01 14:00:00,70.39766734586495,0.6279812020628022,54.18773957073163,0,1.0
2024-02-01 15:00:00,54.33005289138397,0.4114033517959047,59.80440406256955,1,1.0
2024-02-01 16:00:00,65.48696962897473,0.5400885679104122,52.36394828010965,0,1.0
2024-02-01 17:00:00,72.65687974966237,0.49903427634670916,47.36454194887979,0,1.0
2024-02-01 18:00:00,77.23100493737797,0.3202835384604381,47.318649279566074,0,1.0
2024-02-01 19:00:00,70.24612125247911,0.41977468282691893,56.04918611092049,0,1.0
2024-02-01 20:00:00,77.19983730143166,0.5193213553233696,44.36705287064001,0,1.0
2024-02-01 21:00:00,58.970937870446306,0.6297342089092891,45.23097789863718,0,1.0
2024-02-01 22:00:00,68.98302725445129,0.6001331017346729,44.17775773064768,0,1.0
2024-02-01 23:00:00,70.19279384513077,0.5597212504403425,43.60743079739657,0,1.0
2024-02-02 00:00:00,88.49591246679637,0.41847243388635413,44.77591840310072,0,1.0
2024-02-02 01:00:00,67.85833343799916,0.6801213990808535,53.94952470892746,0,1.0
2024-02-02 02:00:00,65.00983362005817,0.5215240467639611,55.51141282294012,1,1.0
2024-02-02 03:00:00,70.21351223843548,0.39936344783214495,46.514634638199084,1,1.0
2024-02-02 04:00:00,60.80886555130056,0.4817095019143049,51.03667023022845,0,1.0
2024-02-02 05:00:00,71.92753849065217,0.589624842535616,53.79578337554117,0,1.0
2024-02-02 06:00:00,66.34944783453743,0.5007617498318158,50.502821015485814,0,1.0
2024-02-02 07:00:00,52.08672451958816,0.5886864686582761,45.225286211913804,0,1.0
2024-02-02 08:00:00,69.41413448866139,0.6103693957462151,42.647991324309594,0,1.0
2024-02-02 09:00:00,66.82456906069801,0.5400530684598707,55.05213776562754,0,1.0
2024-02-02 10:00:00,53.675766979320166,0.4142297376953106,52.4808970614419,0,1.0
2024-02-02 11:00:00,69.32865845385479,0.513545466318998,52.884779466993265,0,1.0
2024-02-02 12:00:00,84.89355962074481,0.5045165855938831,44.46176549549485,0,1.0
2024-02-02 13:00:00,75.21303748275713,0.6859346333851628,51.17488596444526,0,1.0
2024-02-02 14:00:00,76.11927192731157,0.337367806217317,53.14499793728411,0,1.0
2024-02-02 15:00:00,56.585032744169574,0.4865177548905646,51.570169218235726,0,0.0
2024-02-02 16:00:00,74.76898368922222,0.44159064532050807,46.27488391596155,0,0.0
2024-02-02 17:00:00,71.48449581380078,0.5335105620195999,55.06130255032668,0,0.0
2024-02-02 18:00:00,75.29045238334432,0.2562435640800644,42.36184025910613,0,0.0
2024-02-02 19:00:00,74.22628621708826,0.611492455949028,54.643709624034706,0,0.0
2024-02-02 20:00:00,56.402192744961866,0.5013748487335533,55.40527972043537,0,0.0
2024-02-02 21:00:00,69.58599188442032,0.31552988363719536,57.86165158767612,0,0.0
2024-02-02 22:00:00,62.42129139574834,0.4638886865260134,48.28753904874779,0,0.0
2024-02-02 23:00:00,69.49915905715179,0.5608962341654524,45.0028499171924,0,0.0
2024-02-03 00:00:00,61.0259907309817,0.3408552124541968,53.9694018115419,0,0.0
2024-02-03 01:00:00,83.12470367140996,0.5003222216443156,46.50392360456513,0,0.0
2024-02-03 02:00:00,61.41027611555658,0.394252635219847,50.21997755721994,1,1.0
2024-02-03 03:00:00,61.01057843534464,0.4444014968121033,48.41268891419964,1,1.0
2024-02-03 04:00:00,70.74586406543554,0.5026738382674637,45.489640142934576,0,1.0
2024-02-03 05:00:00,59.22900930596005,0.5183450253581576,51.604997330924455,0,1.0
2024-02-03 06:00:00,65.75336697567134,0.45292575018172726,43.03992041720982,0,1.0
2024-02-03 07:00:00,61.70035402462038,0.5272796389530264,52.961028408220194,0,1.0
2024-02-03 08:00:00,84.11172063889612,0.5817977607254806,45.165344557716324,0,1.0
2024-02-03 09:00:00,77.85803826831173,0.472108572489676,41.34134326766037,0,1.0
2024-02-03 10:00:00,69.42530481534605,0.6431567757449291,49.74946270604853,0,1.0
2024-02-03 11:00:00,66.08782947825983,0.6462214170780419,52.15816926405611,0,1.0
2024-02-03 12:00:00,79.40917614575113,0.45712979344141713,52.88467298526612,0,1.0
2024-02-03 13:00:00,74.05204080322888,0.43621594435264155,54.091768654135805,1,1.0
2024-02-03 14:00:00,74.98052404682856,0.33358270148338265,38.23179800154793,0,1.0
2024-02-03 15:00:00,69.7380776265575,0.487343066836061,44.97427784521664,0,1.0
2024-02-03 16:00:00,53.11769972228568,0.46365622198839485,50.53326147251516,0,1.0
2024-02-03 17:00:00,68.87534017440447,0.5779051220132991,57.59501639968073,0,1.0
2024-02-03 18:00:00,64.67510080790932,0.3490338393931701,53.91872246837364,0,1.0
2024-02-03 19:00:00,76.45055273459877,0.472260860825689,59.50670025924056,0,1.0
2024-02-03 20:00:00,80.11842432994189,0.5968744393111145,47.37530288543,1,1.0
2024-02-03 21:00:00,63.42048955238831,0.42696429044420403,51.372084976410044,0,1.0
2024-02-03 22:00:00,74.68385234277052,0.42376384632723907,44.50014596215347,0,1.0
2024-02-03 23:00:00,87.35878997685714,0.35530596652441915,47.978238901880005,0,1.0
2024-02-04 00:00:00,63.32287279429441,0.7620573846018239,46.32352140858513,0,1.0
2024-02-04 01:00:00,86.81921740073138,0.4252526821934621,46.830056703416396,0,1.0
2024-02-04 02:00:00,61.47414152829353,0.3699653167781661,48.03275439407168,0,1.0
2024-02-04 03:00:00,70.22959755607951,0.419614959596848,50.0135876994534,0,1.0
2024-02-04 04:00:00,69.88854388158158,0.42257049195131957,50.11106332258242,0,1.0
2024-02-04 05:00:00,70.11498899870062,0.473061022154876,52.71726719791363,0,1.0
2024-02-04 06:00:00,61.62321958092055,0.5825372232087515,50.6999423369343,0,1.0
2024-02-04 07:00:00,64.0881689623557,0.4701676831004166,48.279771855751875,0,1.0
2024-02-04 08:00:00,63.32279713640601,0.4077176685003172,47.38710729234027,0,0.0
2024-02-04 09:00:00,73.26962595404457,0.3548661501808975,48.46434139920658,0,0.0
2024-02-04 10:00:00,73.30035114510312,0.5021857358219871,47.754814292765175,1,1.0
2024-02-04 11:00:00,92.25944331738259,0.504253907402979,52.4548552759099,0,1.0
2024-02-04 12:00:00,83.70989006291121,0.6530932351028824,54.32762595335631,1,1.0
2024-02-04 13:00:00,64.90156757861521,0.5092447735469808,56.37022268973542,0,1.0
2024-02-04 14:00:00,73.24869615796186,0.4900991688715923,46.01148620029792,0,1.0
2024-02-04 15:00:00,79.9711798079176,0.39493461634125104,52.34686112669375,0,1.0
2024-02-04 16:00:00,70.30601824338518,0.4694047424901608,43.02660179203662,0,1.0
2024-02-04 17:00:00,69.30358421553065,0.4561525541965394,51.86587359126289,0,1.0
2024-02-04 18:00:00,70.51574942769889,0.46298358354862973,55.41336141045532,0,1.0
2024-02-04 19:00:00,78.67276628808428,0.40407446073594117,49.252052491665026,0,1.0
2024-02-04 20:00:00,61.51679477194767,0.5538329603276176,55.36318023629437,0,1.0
2024-02-04 21:00:00,66.74330531179825,0.4857554582490631,44.30716064842262,0,1.0
2024-02-04 22:00:00,74.70433144846481,0.4799646519995013,45.556773584541816,0,1.0
2024-02-04 23:00:00,73.11447071554156,0.3285953883951004,49.320950786781566,0,1.0
2024-02-05 00:00:00,72.39582759856391,0.5493644087524864,55.11105177292912,0,0.0
2024-02-05 01:00:00,66.30198833696197,0.548701532598038,47.91285271829006,0,0.0
2024-02-05 02:00:00,79.72535789142538,0.41608705971577864,47.732234495456126,0,0.0
2024-02-05 03:00:00,91.33868247204538,0.5990121383879193,45.0418582081099,0,0.0
2024-02-05 04:00:00,74.06415493676207,0.36352417699175676,51.01440522221311,0,0.0
2024-02-05 05:00:00,68.0682329845016,0.497813009121092,56.23347570447218,0,0.0
2024-02-05 06:00:00,77.55740288894543,0.4728792660109836,53.50340054546846,1,1.0
2024-02-05 07:00:00,64.6086736324701,0.36828252111942056,53.48325327168132,0,1.0
2024-02-05 08:00:00,62.50309655297103,0.5189702612079996,48.96512762538168,0,1.0
2024-02-05 09:00:00,70.32808747613711,0.6702570152241791,47.18345320368043,0,1.0
2024-02-05 10:00:00,44.17203367030055,0.506763423006692,53.38622958208185,0,1.0
2024-02-05 11:00:00,58.460496363479905,0.4536978245890949,49.8404446218293,0,1.0
2024-02-05 12:00:00,66.52038144079154,0.5447024156885678,49.13195882140309,0,1.0
2024-02-05 13:00:00,56.466111418522864,0.5105719995467155,54.49120311201808,0,1.0
2024-02-05 14:00:00,59.6735689810787,0.5027762131625502,49.01106274163635,0,1.0
2024-02-05 15:00:00,65.63251662541992,0.4574457787228552,45.81111870307397,0,1.0
2024-02-05 16:00:00,53.570347064693905,0.6421975559292465,54.54594247665483,0,1.0
2024-02-05 17:00:00,65.93928203740168,0.5456363363480785,50.40359945216933,0,1.0
2024-02-05 18:00:00,64.64729835467156,0.44713293410645116,44.81485328075654,0,0.0
2024-02-05 19:00:00,70.25405208385015,0.48919961632190423,44.43547052564192,0,0.0
2024-02-05 20:00:00,81.5418403049402,0.4259133295795927,50.47705937913433,0,0.0
2024-02-05 21:00:00,71.72504416492866,0.4391708849918505,61.68704830739138,0,0.0
2024-02-05 22:00:00,70.21062021342064,0.4359274275809801,48.03589698226896,0,0.0
2024-02-05 23:00:00,70.99454457030711,0.38656884062777724,48.31863070457211,0,0.0
2024-02-06 00:00:00,72.27392775121129,0.5777276963767956,57.618855988085265,0,0.0
2024-02-06 01:00:00,59.83261351390231,0.47089585367269743,49.713594001047426,0,0.0
2024-02-06 02:00:00,68.85224675229202,0.555412757832677,42.75766568376006,1,1.0
2024-02-06 03:00:00,73.08751241836613,0.43298741022727033,42.13601773725913,0,1.0
2024-02-06 04:00:00,56.292400174569394,0.49396375056076613,56.1333198689374,0,1.0
2024-02-06 05:00:00,78.65652922815853,0.42889594032088885,53.33177271125094,0,1.0
2024-02-06 06:00:00,80.8137603445819,0.5719668170537332,54.13062854215596,1,1.0
2024-02-06 07:00:00,63.68624011550611,0.47515806932949617,49.71121720810643,0,1.0
2024-02-06 08:00:00,67.58662208546896,0.4269126414048614,46.36643987008601,0,1.0
2024-02-06 09:00:00,61.21809657189927,0.33582967711902156,48.91418442137917,0,1.0
2024-02-06 10:00:00,76.99380483587817,0.5275666549340774,50.68015608687188,0,1.0
2024-02-06 11:00:00,59.38777712554091,0.42916149476618926,45.80844422150649,0,1.0
2024-02-06 12:00:00,67.7752298975708,0.49842207828790047,52.80724954775563,0,1.0
2024-02-06 13:00:00,61.41080092192328,0.4508269891986472,43.70201915600139,0,1.0
2024-02-06 14:00:00,70.5095427701129,0.5954189580898765,48.336206177123884,0,1.0
2024-02-06 15:00:00,52.05770728510279,0.5544144752358008,48.97996063761749,0,1.0
2024-02-06 16:00:00,83.26461642365693,0.5447212087454831,46.544900934123156,0,1.0
2024-02-06 17:00:00,60.353935757937364,0.4383878876676521,38.97247322490089,0,1.0
2024-02-06 18:00:00,70.59894683116276,0.5466290043550189,52.23934832055626,0,0.0
2024-02-06 19:00:00,67.87476955229691,0.6714831608676043,46.22124619779866,0,0.0
2024-02-06 20:00:00,62.378854880775016,0.4167813965849938,56.62853979662186,1,1.0
2024-02-06 21:00:00,61.12219863364065,0.5172339139229188,48.29008861157974,0,1.0
2024-02-06 22:00:00,79.3639854355246,0.33507830255828674,47.2932020578439,1,1.0
2024-02-06 23:00:00,64.7435940689806,0.6398562092125536,50.45760973389439,0,1.0
2024-02-07 00:00:00,72.7117018463731,0.46020879014091587,55.26719874315224,0,1.0
2024-02-07 01:00:00,61.98503114605625,0.5782578880841978,47.18296168440915,0,1.0
2024-02-07 02:00:00,63.528185681522395,0.3276771749283677,55.07368847414888,0,1.0
2024-02-07 03:00:00,74.72247150087848,0.6797539387125905,57.201518205088114,0,1.0
2024-02-07 04:00:00,79.30408496111116,0.46431284719744015,54.95161405327973,0,1.0
2024-02-07 05:00:00,68.2468359767298,0.5545657323470028,58.13215745496129,0,1.0
2024-02-07 06:00:00,55.78080128359563,0.5150818206332594,56.463230105062344,0,1.0
2024-02-07 07:00:00,89.97956079750004,0.4744529213812231,57.574411469465026,0,1.0
2024-02-07 08:00:00,61.434506917657906,0.6685792302659304,58.021631597078205,0,1.0
2024-02-07 09:00:00,54.58412600328212,0.335195379363382,51.04034764814982,0,1.0
2024-02-07 10:00:00,95.94424587768152,0.5298713659992009,47.853880502139006,0,0.0
2024-02-07 11:00:00,65.95967706149062,0.591064567222997,38.68878182378097,0,0.0
2024-02-07 12:00:00,55.38267311738592,0.49701438783636337,43.38633440239102,0,0.0
2024-02-07 13:00:00,63.16560233211318,0.4881829215633408,47.75858600420602,0,0.0
2024-02-07 14:00:00,73.6754489602227,0.4857312287926535,48.09132456379717,0,0.0
2024-02-07 15:00:00,71.9031155759394,0.3772363579589592,49.236027682989565,0,0.0
2024-02-07 16:00:00,61.4827080274641,0.5038127384094935,44.99619754875625,0,0.0
2024-02-07 17:00:00,88.22723600127959,0.5512717523472399,42.02111194279343,0,0.0
2024-02-07 18:00:00,64.78420322006627,0.506859922748066,49.34888416766637,0,0.0
2024-02-07 19:00:00,58.15313409588448,0.4727723898854919,49.052910355941044,0,0.0
2024-02-07 20:00:00,79.6069339846066,0.45102749776269735,45.96222979225067,0,0.0
2024-02-07 21:00:00,83.29062846539682,0.4720703330721628,46.28923919174808,0,0.0
2024-02-07 22:00:00,61.825069023837735,0.6257744217496038,45.29921704063797,0,0.0
2024-02-07 23:00:00,55.98652706960689,0.2913365020579457,48.01738130491841,0,0.0
2024-02-08 00:00:00,80.30438267415605,0.5040071456547776,45.718485865023744,0,0.0
2024-02-08 01:00:00,49.52676386942038,0.46722450827035833,56.29937665758508,0,0.0
2024-02-08 02:00:00,57.733783406033844,0.6455807951836844,51.20498366022561,0,0.0
2024-02-08 03:00:00,79.67446150050235,0.5055492225443803,45.13841040986741,0,0.0
2024-02-08 04:00:00,69.4464745197761,0.6484925598699954,48.59776109266273,0,0.0
2024-02-08 05:00:00,67.36062651407312,0.2876109981954441,44.098571968244045,0,0.0
2024-02-08 06:00:00,73.52816606494379,0.5459584904834056,55.06084147587394,0,0.0
2024-02-08 07:00:00,68.4722557645459,0.528005786003768,56.9209336229041,0,0.0
2024-02-08 08:00:00,57.0131327783691,0.6390533967073938,56.26000991376516,0,0.0
2024-02-08 09:00:00,82.76075346006188,0.3358651391176971,44.276536843787014,0,0.0
2024-02-08 10:00:00,83.25014052886816,0.48449641918816744,49.54366490136912,0,0.0
2024-02-08 11:00:00,72.0533256377796,0.5066060261786492,47.99214662243542,0,0.0
2024-02-08 12:00:00,70.4513401543201,0.4504204505454791,52.810065529570906,0,0.0
2024-02-08 13:00:00,93.39624806020058,0.621657771374294,44.96045098358051,0,0.0
2024-02-08 14:00:00,67.23567154984163,0.46613178145546025,46.62054152999492,0,0.0
2024-02-08 15:00:00,67.4042301816596,0.7034762544021154,47.93391485824096,0,0.0
2024-02-08 16:00:00,73.64481249240505,0.6054177908938922,50.76644234566212,0,0.0
2024-02-08 17:00:00,84.71321956142339,0.59508336970038,53.47064354068943,0,0.0
2024-02-08 18:00:00,85.92770754417484,0.5559298981390884,48.35636153631696,0,0.0
2024-02-08 19:00:00,67.41427368323228,0.3936304408974452,53.31982537763111,0,0.0
2024-02-08 20:00:00,73.08331245959346,0.4568903662489243,54.11038178398569,0,0.0
2024-02-08 21:00:00,56.21916532935923,0.5572751366857216,48.933923815640895,0,0.0
2024-02-08 22:00:00,66.88023892083787,0.5677557033587717,43.771709335672014,0,0.0
2024-02-08 23:00:00,61.59709604520694,0.6307183845081258,44.1440483228293,0,0.0
2024-02-09 00:00:00,59.93168247701016,0.45325589903740937,52.95863487575784,0,0.0
2024-02-09 01:00:00,86.81576716267327,0.41398466150753366,47.618877818426654,0,0.0
2024-02-09 02:00:00,62.07713338193855,0.585910419278553,41.43685338658773,0,0.0
2024-02-09 03:00:00,64.68394091988546,0.4190373423959887,53.064761840915004,0,0.0
2024-02-09 04:00:00,73.65848787916858,0.5873311836070412,50.647772602731095,0,0.0
2024-02-09 05:00:00,82.97825266973585,0.6199736176415038,42.97016459428686,0,0.0
2024-02-09 06:00:00,74.81115126388835,0.5456153035827055,55.89709990601323,0,0.0
2024-02-09 07:00:00,97.59355114021582,0.4642420968031402,54.18317993578874,0,0.0
2024-02-09 08:00:00,69.25332021748851,0.5041082226143879,50.693726256450894,0,0.0
2024-02-09 09:00:00,72.58716440229746,0.5593465919603239,43.62840316132792,0,0.0
2024-02-09 10:00:00,72.75600673984056,0.5010185518712074,42.988347335573586,0,0.0
2024-02-09 11:00:00,84.35049386789154,0.7198296338670492,48.46465756579282,0,0.0
2024-02-09 12:00:00,75.07238951109615,0.40093290693728506,41.43042305224856,0,0.0
2024-02-09 13:00:00,68.83770299612851,0.3997331412630209,52.02540136592243,0,0.0
2024-02-09 14:00:00,60.52511405093121,0.4023104613264675,42.94588343309832,0,0.0
2024-02-09 15:00:00,72.44443455961633,0.4410420077454784,50.824563646273496,1,1.0
2024-02-09 16:00:00,84.01344831291959,0.28210684798050906,48.55934273636637,0,1.0
2024-02-09 17:00:00,65.89618206342129,0.43703495730598185,53.55892634048522,0,1.0
2024-02-09 18:00:00,75.28943618416582,0.4346715298072111,45.31026202369256,0,1.0
2024-02-09 19:00:00,72.46147788684844,0.5078514025174177,51.36864724762362,0,1.0
2024-02-09 20:00:00,78.63519658381314,0.5417800583206082,43.02579903582678,0,1.0
2024-02-09 21:00:00,61.952462593621306,0.375978366359223,53.97774775884704,0,1.0
2024-02-09 22:00:00,93.46647030526562,0.5900054242764072,49.42519116861253,0,1.0
2024-02-09 23:00:00,57.208388929717415,0.6802242229790547,52.47925334482715,0,1.0
2024-02-10 00:00:00,66.34448910013963,0.4791714896905004,43.39737326585984,0,1.0
2024-02-10 01:00:00,79.38092540905646,0.6574371237475571,52.495421378358834,0,1.0
2024-02-10 02:00:00,72.96733172494113,0.5198989494405187,51.53101698151854,0,1.0
2024-02-10 03:00:00,78.29986159081103,0.6988731918595391,51.81848946356681,0,0.0
2024-02-10 04:00:00,65.03897666017437,0.611728346568819,51.56316981506993,0,0.0
2024-02-10 05:00:00,69.25195017319659,0.34360953651602333,49.03268058604826,1,1.0
2024-02-10 06:00:00,70.12231983638817,0.5018627370661356,56.20649610157996,0,1.0
2024-02-10 07:00:00,85.69259614535905,0.6054324974904077,49.22051007117148,0,1.0
2024-02-10 08:00:00,76.90429024383049,0.5030546581040617,46.304153998045855,1,1.0
2024-02-10 09:00:00,77.96672108364672,0.4963116469154933,49.706369033155305,0,1.0
2024-02-10 10:00:00,63.420739074632046,0.6269764750314304,45.24741027277735,0,1.0
2024-02-10 11:00:00,79.6888263856305,0.4290145817853896,47.68001788334578,0,1.0
2024-02-10 12:00:00,72.25581663568803,0.5017515613278218,49.113766919053006,0,1.0
2024-02-10 13:00:00,83.89145315677928,0.5323625764609119,48.1022293967707,0,1.0
2024-02-10 14:00:00,90.14060154918468,0.46662090396464356,50.99698536402743,0,1.0
2024-02-10 15:00:00,66.93234223972995,0.49798708961224625,59.728806956531635,0,1.0
2024-02-10 16:00:00,65.93696869554938,0.577502326322417,52.8547491992306,0,1.0
2024-02-10 17:00:00,61.359550088976306,0.5432837621499994,55.361503236440456,0,1.0
2024-02-10 18:00:00,68.56420488283679,0.41912824680204663,47.48145281315882,0,1.0
2024-02-10 19:00:00,66.17974551049616,0.3895876014200738,47.06491855747426,0,1.0
2024-02-10 20:00:00,73.5950439957101,0.421089781974335,48.10910976553505,0,0.0
2024-02-10 21:00:00,68.55433183066265,0.5001248455788486,54.264445486344385,0,0.0
2024-02-10 22:00:00,66.3840071921838,0.4840060212242957,39.25940760884551,0,0.0
2024-02-10 23:00:00,80.64585136127852,0.4168042506782875,44.834176123543166,0,0.0
2024-02-11 00:00:00,60.62119768848548,0.4401849547483514,50.5116792341711,0,0.0
2024-02-11 01:00:00,74.33107953151344,0.3479960714807936,48.87953816468536,0,0.0
2024-02-11 02:00:00,65.94058272811516,0.5417853703217326,59.83864841071523,0,0.0
2024-02-11 03:00:00,77.24368504869965,0.49599812746483674,52.23841607871328,0,0.0
2024-02-11 04:00:00,83.85261546722231,0.37402126565947297,46.6890427823476,0,0.0
2024-02-11 05:00:00,66.96901746575928,0.5028620504187783,42.11196465730326,0,0.0
2024-02-11 06:00:00,74.41032907273151,0.6342622010510354,48.29719982531069,0,0.0
2024-02-11 07:00:00,71.7879286573318,0.426006414703474,43.483899586607926,0,0.0
2024-02-11 08:00:00,62.005776004569036,0.6315137665720972,52.33375325209217,0,0.0
2024-02-11 09:00:00,72.40787509741938,0.4676542527516576,50.805531611208394,0,0.0
2024-02-11 10:00:00,72.89120505278812,0.5197828167849868,51.60015966046365,0,0.0
2024-02-11 11:00:00,74.12870820446174,0.5097750802422185,60.395883323975184,0,0.0
2024-02-11 12:00:00,68.01601103179954,0.6401523416005246,45.46267009289851,0,0.0
2024-02-11 13:00:00,70.94192300310146,0.5158433846785532,49.037978961020464,0,0.0
2024-02-11 14:00:00,58.52389055156865,0.3858098580796153,43.93742127755546,1,1.0
2024-02-11 15:00:00,66.41885924520143,0.36890296295587877,49.59700741924937,0,1.0
